Model Info,Accuracy,f1_macro,f1_micro,auc,Loss_1,Loss_2,Loss_3,Loss_4,Loss_5,Loss_6,Loss_7,Loss_8,Loss_9,Loss_10,Loss_11,Loss_12,Loss_13,Loss_14,Loss_15,Loss_16,Loss_17,Loss_18,Loss_19,Loss_20,Loss_21,Loss_22,Loss_23,Loss_24,Loss_25,Loss_26,Loss_27,Loss_28,Loss_29,Loss_30,Loss_31,Loss_32,Loss_33,Loss_34,Loss_35,Loss_36,Loss_37,Loss_38,Loss_39,Loss_40,Loss_41,Loss_42,Loss_43,Loss_44,Loss_45,Loss_46,Loss_47,Loss_48,Loss_49,Loss_50
train_mamba3_2,0.606,0.5823472893648376,0.606,0.838062255988993,1.8363776206970215,0.8763024210929871,0.41069793701171875,0.2276470959186554,0.12939009070396423,0.0797700434923172,0.05067365989089012,0.033517949283123016,0.022132372483611107,0.014671609736979008,0.013806773349642754,0.013256140984594822,0.013695155270397663,0.013164942152798176,0.012215211987495422,0.012460066005587578,0.011621838435530663,0.010724195279181004,0.01174527034163475,0.010996740311384201,0.010574623942375183,0.01210788730531931,0.011358414776623249,0.011403334327042103,0.01101944874972105,0.010860324837267399,0.010936363600194454,0.010803580284118652,0.010960203595459461,0.011388695798814297,0.011528213508427143,0.011038457974791527,0.011523624882102013,0.011170140467584133,0.01213699858635664,0.011224567890167236,0.010940228588879108,0.010968313552439213,0.010654627345502377,0.010657562874257565,0.010895270854234695,0.010812750086188316,0.010604609735310078,0.010854358784854412,0.010530813597142696,0.010737519711256027,0.011763387359678745,0.011581573635339737,0.011133880354464054,0.011317242868244648
val_mamba3_2,0.606,0.5823472893648376,0.606,0.838062255988993,1.4666166305541992,1.2205994129180908,1.1852059364318848,1.1917273998260498,1.256625771522522,1.3386701345443726,1.421088695526123,1.50105881690979,1.5805675983428955,1.5880482196807861,1.5948224067687988,1.6009657382965088,1.6065266132354736,1.6115025281906128,1.6161433458328247,1.6165566444396973,1.6169320344924927,1.6172785758972168,1.6175944805145264,1.6178901195526123,1.6181679964065552,1.6181927919387817,1.618215560913086,1.6182363033294678,1.6182557344436646,1.6182745695114136,1.618292212486267,1.618294358253479,1.6182960271835327,1.6182974576950073,1.6182990074157715,1.6183003187179565,1.6183011531829834,1.6183013916015625,1.6183013916015625,1.618301510810852,1.6183016300201416,1.6183016300201416,1.6183017492294312,1.6183017492294312,1.6183017492294312,1.6183017492294312,1.6183017492294312,1.6183017492294312,1.6183017492294312,1.6183017492294312,1.6183017492294312,1.6183017492294312,1.6183017492294312,1.6183017492294312
train_mamba3_8,0.67,0.6225769635426499,0.67,0.8711413008198158,1.9239115715026855,0.8609106540679932,0.4586755335330963,0.26957568526268005,0.15585805475711823,0.09555093199014664,0.05664217099547386,0.039132531732320786,0.029534468427300453,0.018640978261828423,0.014939514920115471,0.015208815224468708,0.01371806301176548,0.013090251013636589,0.014253322035074234,0.014338193461298943,0.010677311569452286,0.010188397951424122,0.012567635625600815,0.012183036655187607,0.010608161799609661,0.01114258449524641,0.010713104158639908,0.011705839075148106,0.010947953909635544,0.01096272561699152,0.009891490451991558,0.010992413386702538,0.011859238147735596,0.011233847588300705,0.010555064305663109,0.011111423373222351,0.0114780617877841,0.011946114711463451,0.016526957973837852,0.011125781573355198,0.011981225572526455,0.010937095619738102,0.010998443700373173,0.011152082122862339,0.011021613143384457,0.010208740830421448,0.010667248629033566,0.011055589653551579,0.010157976299524307,0.011110367253422737,0.01031460426747799,0.01327328197658062,0.012949901632964611,0.010619090870022774
val_mamba3_8,0.67,0.6225769635426499,0.67,0.8711413008198158,1.5009171962738037,1.1629945039749146,1.1382287740707397,1.0979244709014893,1.1011855602264404,1.1257708072662354,1.2028634548187256,1.2886466979980469,1.3650957345962524,1.448934555053711,1.4549601078033447,1.4579437971115112,1.4594348669052124,1.4606883525848389,1.4621821641921997,1.4641121625900269,1.4643813371658325,1.4646497964859009,1.4649196863174438,1.465153694152832,1.4653866291046143,1.465632677078247,1.4656556844711304,1.4656801223754883,1.4657050371170044,1.4657294750213623,1.4657536745071411,1.4657787084579468,1.4657806158065796,1.4657829999923706,1.4657849073410034,1.4657868146896362,1.4657888412475586,1.4657902717590332,1.465790033340454,1.4657901525497437,1.465790033340454,1.4657903909683228,1.4657901525497437,1.4657903909683228,1.4657905101776123,1.4657905101776123,1.4657906293869019,1.4657906293869019,1.4657906293869019,1.4657906293869019,1.4657906293869019,1.4657903909683228,1.4657903909683228,1.4657903909683228
train_mamba3_32,0.645,0.6028547790130719,0.645,0.8652396474638787,140.8815155029297,53.83845520019531,3.367302417755127,2.1742396354675293,1.9837180376052856,1.5616167783737183,1.0761510133743286,0.7697119116783142,0.6399559378623962,0.5735769867897034,0.5237787365913391,0.4705212414264679,0.40513306856155396,0.3316274583339691,0.2627643644809723,0.20888356864452362,0.1719786822795868,0.14877410233020782,0.13338644802570343,0.11949377506971359,0.10393433272838593,0.08738651871681213,0.07198256999254227,0.07050500065088272,0.06892197579145432,0.0672604888677597,0.06554590910673141,0.06380150467157364,0.062048085033893585,0.0618705116212368,0.061688125133514404,0.061501432210206985,0.06131085008382797,0.0611167773604393,0.060919567942619324,0.060899533331394196,0.06087915599346161,0.060858435928821564,0.06083741411566734,0.060816068202257156,0.060794465243816376,0.06079227849841118,0.060790054500103,0.06078781560063362,0.06078555807471275,0.060783252120018005,0.060780927538871765,0.060780707746744156,0.060780465602874756,0.06078023090958595
val_mamba3_32,0.645,0.6028547790130719,0.645,0.8652396474638787,10.993895530700684,2.1778135299682617,2.5032520294189453,2.4354660511016846,2.2696573734283447,1.941507339477539,1.6880804300308228,1.5573337078094482,1.470961093902588,1.4067776203155518,1.3498263359069824,1.2900853157043457,1.2262033224105835,1.1637083292007446,1.113197684288025,1.085732102394104,1.0868757963180542,1.1131255626678467,1.1539764404296875,1.198544979095459,1.2404898405075073,1.2781317234039307,1.2813022136688232,1.2837507724761963,1.2855616807937622,1.286820411682129,1.2876085042953491,1.2880042791366577,1.2880059480667114,1.2879688739776611,1.2878963947296143,1.2877917289733887,1.2876578569412231,1.287497639656067,1.2874791622161865,1.2874583005905151,1.2874351739883423,1.287410020828247,1.2873828411102295,1.2873542308807373,1.287351369857788,1.2873480319976807,1.2873448133468628,1.2873411178588867,1.2873377799987793,1.2873340845108032,1.287333607673645,1.287333369255066,1.2873327732086182,1.28733229637146
train_mamba3_2,0.6732032480911405,0.665435304886803,0.6732032480911405,0.8590052336117603,1.166205883026123,0.8224599361419678,0.6908407807350159,0.4512276351451874,0.301472544670105,0.2459591031074524,0.19960354268550873,0.13301075994968414,0.09431945532560349,0.08100955188274384,0.05853085219860077,0.0529448427259922,0.025489667430520058,0.02021062560379505,0.015364889055490494,0.010841957293450832,0.010509136132895947,0.008156415075063705,0.008484510704874992,0.008003061637282372,0.00968777947127819,0.00833564717322588,0.007617449853569269,0.007604537066072226,0.007735602091997862,0.010064090602099895,0.007495179306715727,0.005917548667639494,0.010933504439890385,0.007263749837875366,0.006357633043080568,0.008237208239734173,0.009045694023370743,0.006410176400095224,0.008635342121124268,0.006438579875975847,0.007560044061392546,0.006964665837585926,0.007489401381462812,0.0065105268731713295,0.00816294364631176,0.009733716957271099,0.007635058835148811,0.009574123658239841,0.00702886376529932,0.008804252371191978,0.008690931834280491,0.00999698881059885,0.008175295777618885,0.007765177171677351
val_mamba3_2,0.6732032480911405,0.665435304886803,0.6732032480911405,0.8590052336117603,1.0542982816696167,0.8290055841207504,0.7066600769758224,0.6529476493597031,0.6946808248758316,0.7050746083259583,0.6575259268283844,0.6005897670984268,0.6003606468439102,0.6194366961717606,0.6138936430215836,0.6534664034843445,0.6757257729768753,0.7206191718578339,0.7339150458574295,0.7634642720222473,0.7335071116685867,0.7411351948976517,0.7816494554281235,0.7866713851690292,0.7406073361635208,0.7847169637680054,0.7584257125854492,0.7286742776632309,0.7464825958013535,0.7521561682224274,0.7588329762220383,0.8002872616052628,0.745260700583458,0.7588260322809219,0.773369774222374,0.7990941256284714,0.7917136549949646,0.7791443318128586,0.7906284034252167,0.7778145223855972,0.7553953528404236,0.7680476605892181,0.7563740760087967,0.7605001777410507,0.78268001973629,0.7608988583087921,0.748092919588089,0.7614326775074005,0.7797535359859467,0.7660646438598633,0.7924889177083969,0.8089439421892166,0.7564311921596527,0.7755053490400314
train_mamba3_8,0.6545315241837819,0.655679639287154,0.6545315241837819,0.8228829368588331,1.1861463785171509,0.7151076197624207,0.8722155690193176,0.41037121415138245,0.43540841341018677,0.29427453875541687,0.20129357278347015,0.16195467114448547,0.14656832814216614,0.12467886507511139,0.07046521455049515,0.06303281337022781,0.04257844761013985,0.03279615193605423,0.03496887534856796,0.03543909639120102,0.029151204973459244,0.03241247683763504,0.029017655178904533,0.026002053171396255,0.032216329127550125,0.03309116140007973,0.026447126641869545,0.02834940329194069,0.024445852264761925,0.02791905403137207,0.027125265449285507,0.02286044880747795,0.023979146033525467,0.028542673215270042,0.03103535622358322,0.023355726152658463,0.02937387302517891,0.0309595987200737,0.029776139184832573,0.029950063675642014,0.027903379872441292,0.03509406000375748,0.024502450600266457,0.02289307676255703,0.0328238382935524,0.028364963829517365,0.023874398320913315,0.02763824351131916,0.02650369517505169,0.022353284060955048,0.02881220541894436,0.028422193601727486,0.02916974201798439,0.023744430392980576
val_mamba3_8,0.6545315241837819,0.655679639287154,0.6545315241837819,0.8228829368588331,0.9601186364889145,1.1048550009727478,0.8402597606182098,1.0360002368688583,0.8711048811674118,0.6990458816289902,0.6893829256296158,0.6918400526046753,0.7135485410690308,0.7069209963083267,0.7135306745767593,0.7532436847686768,0.7567348480224609,0.7793532162904739,0.778949186205864,0.8016907870769501,0.7969612628221512,0.7453615814447403,0.7745605856180191,0.7753636389970779,0.8187159895896912,0.789805144071579,0.7932218313217163,0.7679897993803024,0.7904432117938995,0.8083722293376923,0.7733453661203384,0.7958763539791107,0.7887517660856247,0.7486343681812286,0.8032085448503494,0.7887718081474304,0.7528955787420273,0.7755385488271713,0.7683031857013702,0.7733568996191025,0.7680339366197586,0.7693377733230591,0.7408150732517242,0.7503756880760193,0.8172310292720795,0.7774265855550766,0.7844911515712738,0.7865443676710129,0.7873528152704239,0.7558470964431763,0.759156197309494,0.7644909024238586,0.7801456600427628,0.7655071169137955
train_mamba3_32,0.5527796533873509,0.5655735405234971,0.5527796533873509,0.7667363274314113,311.5084533691406,8.83061695098877,3.9476547241210938,1.6424846649169922,1.1944047212600708,1.2707399129867554,1.0802134275436401,0.9829352498054504,1.2547975778579712,1.085296392440796,0.9300800561904907,0.8318420648574829,0.7725755572319031,0.6435028910636902,0.6262390613555908,0.5547824501991272,0.48934316635131836,0.44571352005004883,0.38958996534347534,0.32670408487319946,0.2998960614204407,0.2644506096839905,0.23694302141666412,0.1998916119337082,0.1947738379240036,0.15836675465106964,0.12760643661022186,0.12238016724586487,0.11059731990098953,0.1122128814458847,0.11853745579719543,0.11603141576051712,0.1103302389383316,0.10714374482631683,0.10776855051517487,0.10038461536169052,0.11535312980413437,0.10145656764507294,0.10948608815670013,0.10729596763849258,0.10920143127441406,0.0954274982213974,0.09632617980241776,0.1069570779800415,0.1020650565624237,0.09012938290834427,0.10359403491020203,0.11025448888540268,0.09464631229639053,0.10056396573781967
val_mamba3_32,0.5527796533873509,0.5655735405234971,0.5527796533873509,0.7667363274314113,1.9222480952739716,1.6457804441452026,1.4549418091773987,1.434056669473648,1.4457139670848846,1.3232930898666382,1.1226467192173004,1.0251569300889969,1.0044321119785309,0.9818718880414963,0.9637706875801086,0.949964165687561,0.9100787341594696,0.8686114251613617,0.8231389671564102,0.8003418147563934,0.7844087928533554,0.7500606328248978,0.727672666311264,0.7102859616279602,0.6986027956008911,0.7017221301794052,0.7238516360521317,0.7396178692579269,0.7328057885169983,0.7964538484811783,0.8219360411167145,0.8368325531482697,0.84330715239048,0.8111438602209091,0.827775701880455,0.8252348303794861,0.8470634669065475,0.8597516417503357,0.8530742079019547,0.8210206478834152,0.8315838128328323,0.8134211897850037,0.8288227319717407,0.8272665292024612,0.8146710246801376,0.8708568662405014,0.8494745343923569,0.8515107184648514,0.8242650479078293,0.8569440990686417,0.8353267312049866,0.8180474936962128,0.8618115782737732,0.8295772522687912
train_mamba3_2,0.680156947125273,0.6802476593129674,0.680156947125273,0.8467271952726474,1.0869803428649902,0.8462700247764587,1.0717769861221313,0.5960914492607117,0.4830440878868103,0.46170574426651,0.320296972990036,0.2315504103899002,0.20376543700695038,0.16124354302883148,0.12130823731422424,0.08865635842084885,0.06349284201860428,0.0450291745364666,0.04353194683790207,0.04429537057876587,0.03853097930550575,0.03605983406305313,0.04043290764093399,0.038208674639463425,0.036497943103313446,0.036840155720710754,0.03109709732234478,0.037718333303928375,0.04053319990634918,0.03829256445169449,0.033108361065387726,0.038153354078531265,0.03183217719197273,0.0359099842607975,0.03535673767328262,0.03770946338772774,0.035683441907167435,0.03650688752532005,0.038992904126644135,0.04551755636930466,0.03624854236841202,0.03235725313425064,0.03351156786084175,0.03781376779079437,0.0359085276722908,0.03833627328276634,0.037757255136966705,0.04278845340013504,0.04095149412751198,0.04015817120671272,0.04067741706967354,0.03673376142978668,0.038755133748054504,0.0427793525159359
val_mamba3_2,0.680156947125273,0.6802476593129674,0.680156947125273,0.8467271952726474,0.9540823400020599,1.4043001532554626,0.9284058511257172,0.7854772508144379,0.8120056688785553,0.7044077217578888,0.6530066728591919,0.708957314491272,0.7322627902030945,0.7704892158508301,0.7423400282859802,0.6851852238178253,0.7294915020465851,0.7029692828655243,0.6852239072322845,0.7032855451107025,0.6888179779052734,0.7040370404720306,0.7187893390655518,0.6946355998516083,0.736434817314148,0.6971374750137329,0.7171325087547302,0.6781162619590759,0.7134345471858978,0.7196760475635529,0.6973642110824585,0.6875995695590973,0.7253206074237823,0.7151316404342651,0.7071991860866547,0.7085186541080475,0.7138094305992126,0.718066543340683,0.7302955389022827,0.7037326693534851,0.7112277448177338,0.7134316563606262,0.7321430444717407,0.7033387422561646,0.7131345272064209,0.7050212323665619,0.6715398132801056,0.7005779147148132,0.7284137010574341,0.6906764209270477,0.7173204720020294,0.732491672039032,0.7244690358638763,0.7003166675567627
train_mamba3_8,0.711081711081711,0.6975344967087632,0.711081711081711,0.8611358879803125,1.108837604522705,0.6787543892860413,0.7152837514877319,0.3446842432022095,0.3966521918773651,0.1981133669614792,0.1600581705570221,0.13294287025928497,0.10430088639259338,0.066515251994133,0.0409090630710125,0.026874849572777748,0.03135716915130615,0.024495350196957588,0.018677137792110443,0.01289889682084322,0.012827271595597267,0.01189314667135477,0.016249436885118484,0.01158667728304863,0.00972888246178627,0.012652217410504818,0.010257383808493614,0.00885219220072031,0.008888429962098598,0.008492525666952133,0.00762614281848073,0.009064107201993465,0.008770482614636421,0.008976270444691181,0.012592273764312267,0.007735736668109894,0.010693731717765331,0.009016025811433792,0.010404840111732483,0.008404885418713093,0.010834912769496441,0.011198407039046288,0.007610761094838381,0.008733727969229221,0.008812726475298405,0.009766493923962116,0.008287002332508564,0.008521918207406998,0.0086062615737319,0.008473958820104599,0.008454878814518452,0.009665914811193943,0.0086715929210186,0.009388844482600689
val_mamba3_8,0.711081711081711,0.6975344967087632,0.711081711081711,0.8611358879803125,0.8657748997211456,0.8789835572242737,0.6614402234554291,0.8867785036563873,0.7005037069320679,0.6149332225322723,0.6053116917610168,0.601013720035553,0.5966101288795471,0.6025910377502441,0.65034019947052,0.7475176453590393,0.7810249626636505,0.8683301508426666,0.926564484834671,0.8865074515342712,0.9076367914676666,0.8942926824092865,0.9226349890232086,0.9081035256385803,0.8351114690303802,0.9052251279354095,0.8860140740871429,0.8980949521064758,0.8817218244075775,0.881312221288681,0.881473571062088,0.8392070829868317,0.8636857569217682,0.8874172568321228,0.8732792437076569,0.8883537948131561,0.9268834292888641,0.9045988023281097,0.8747385442256927,0.9198373854160309,0.9131262600421906,0.8662990033626556,0.8500330150127411,0.8740139901638031,0.8934278190135956,0.8723624348640442,0.8891335725784302,0.8520749509334564,0.8967216908931732,0.8837014138698578,0.8874939382076263,0.9343305826187134,0.8641464710235596,0.8987726867198944
train_mamba3_32,0.7035780579914229,0.7021434542050198,0.7035780579914229,0.8659998514033549,184.35923767089844,1.9456095695495605,1.1426587104797363,0.9687456488609314,1.2038179636001587,1.035035252571106,0.9032856225967407,0.8249514102935791,0.8151111006736755,0.8039265871047974,0.7428244352340698,0.6478941440582275,0.5286300778388977,0.42251789569854736,0.3399294912815094,0.3103242516517639,0.25592008233070374,0.21206526458263397,0.17475472390651703,0.1405412256717682,0.11457003653049469,0.10501094162464142,0.08378627151250839,0.07222055643796921,0.06165650114417076,0.059815045446157455,0.058581989258527756,0.05704598128795624,0.04761002957820892,0.052052877843379974,0.05008707940578461,0.04409145191311836,0.04773388430476189,0.04716772213578224,0.04366631433367729,0.04249952360987663,0.0411357544362545,0.04130237549543381,0.04311460629105568,0.04340343549847603,0.04896796867251396,0.03976433351635933,0.037979815155267715,0.049036312848329544,0.0421147346496582,0.04343275725841522,0.047470081597566605,0.03882862254977226,0.0437556654214859,0.039276931434869766
val_mamba3_32,0.7035780579914229,0.7021434542050198,0.7035780579914229,0.8659998514033549,1.8615427017211914,1.1847459077835083,1.147695779800415,1.254005789756775,1.1501216888427734,1.0239031910896301,0.9584109485149384,0.9553734362125397,0.9584212601184845,0.9269517958164215,0.8510236442089081,0.7590010166168213,0.6911263167858124,0.6630658507347107,0.6544426381587982,0.6416756510734558,0.634650468826294,0.6356929838657379,0.6154600977897644,0.6218356192111969,0.6452067494392395,0.6631480157375336,0.6818299293518066,0.7446366250514984,0.7499444484710693,0.7333325445652008,0.7438955903053284,0.7178585231304169,0.7331956923007965,0.7659117877483368,0.746896356344223,0.7445412874221802,0.7334155440330505,0.7508365213871002,0.7396600246429443,0.7311976552009583,0.7398417592048645,0.7506982684135437,0.7370685636997223,0.7367145121097565,0.7435460388660431,0.7260856330394745,0.7450079321861267,0.7596580386161804,0.7453711330890656,0.7674554884433746,0.7412005364894867,0.7413379848003387,0.7342365980148315,0.733177125453949
train_mamba3_2,0.8098767999168269,0.743174053424901,0.8098767999168269,0.9866024963452915,1.7682732908349288,0.9786057346745541,0.8070644704919112,0.7230070547053689,0.6725499002557052
val_mamba3_2,0.8098767999168269,0.743174053424901,0.8098767999168269,0.9866024963452915,0.858363151550293,0.7182192802429199,0.640527606010437,0.6147580742835999,0.5751498738924662
train_mamba3_8,0.8062507159892107,0.736589962875962,0.8062507159892107,0.9862172757967428,1.9939490933167308,1.0263707198594745,0.8293010184639379,0.735886203615289,0.6760507131877699
val_mamba3_8,0.8062507159892107,0.736589962875962,0.8062507159892107,0.9862172757967428,0.9525047143300375,0.7511635621388754,0.665043036142985,0.624381442864736,0.6011723875999451
train_mamba3_32,0.741817741069728,0.6396259651130038,0.741817741069728,0.9741120553501632,1026.3912743769195,1.9975249390853078,1.3047767438386615,1.094325027967754,0.9875017090847618
val_mamba3_32,0.741817741069728,0.6396259651130038,0.741817741069728,0.9741120553501632,2.353020429611206,1.1740320920944214,0.9131812254587809,0.8196025490760803,0.7663873831431071
train_mamba3_2,0.7073863636363636,0.697283690912352,0.7073863636363636,0.8582416589159694,1.1280404329299927,0.9658388495445251,0.89354407787323,0.9506222605705261,0.5392205715179443
val_mamba3_2,0.7073863636363636,0.697283690912352,0.7073863636363636,0.8582416589159694,0.9415403306484222,1.2236665487289429,1.0059281885623932,0.7016439437866211,0.7004854679107666
train_mamba3_8,0.6837728676645284,0.6818443983196824,0.6837728676645284,0.8554297121361731,1.106091022491455,0.7432969212532043,0.8059452772140503,0.8068135976791382,0.6246311068534851
val_mamba3_8,0.6837728676645284,0.6818443983196824,0.6837728676645284,0.8554297121361731,0.8982239365577698,0.9174610376358032,0.8569169044494629,0.6748842298984528,0.6684865951538086
train_mamba3_32,0.584024650391088,0.5636320284042183,0.584024650391088,0.7905917232801457,52.201820373535156,2.581233263015747,1.1328099966049194,1.7407355308532715,1.2184810638427734
val_mamba3_32,0.584024650391088,0.5636320284042183,0.584024650391088,0.7905917232801457,1.6312229633331299,1.0074753761291504,1.8362230062484741,1.32063227891922,0.8814183473587036
train_mamba3_2,0.7225405921680993,0.7176013443441426,0.7225405921680993,0.8562673844906334,1.147892713546753,1.0647698640823364,1.2340236902236938,0.7121829390525818,0.7417925000190735,0.888751745223999,0.5812957286834717,0.5349271893501282,0.528301477432251,0.4499748945236206,0.44413819909095764,0.5367690324783325,0.5090634226799011,0.5673370361328125,0.3015456199645996,0.45084089040756226,0.35755568742752075,0.4540078938007355,0.36579445004463196,0.3203943371772766,0.3733055889606476,0.41541194915771484,0.3723689317703247,0.30294957756996155,0.35807469487190247,0.2837267816066742,0.2768148183822632,0.23351582884788513,0.17784060537815094,0.2696099877357483,0.22119072079658508,0.36500367522239685,0.24760836362838745,0.30357515811920166,0.30189964175224304,0.28525444865226746,0.31879714131355286,0.28147172927856445,0.3017785847187042,0.3222256898880005,0.3055762052536011,0.22675302624702454,0.3570834994316101,0.1763581484556198,0.29941263794898987,0.35218507051467896,0.23183907568454742,0.32290682196617126,0.3645903766155243,0.4002552628517151,0.31088584661483765,0.2553583085536957,0.16412289440631866,0.2587724030017853,0.23905910551548004,0.22502638399600983,0.3010663092136383,0.2941538095474243,0.32152068614959717,0.30065059661865234,0.2993696331977844,0.32585614919662476,0.33754032850265503,0.2032284289598465,0.25591838359832764,0.2524777948856354,0.3511263132095337,0.16162344813346863,0.1742551028728485,0.28425976634025574,0.2972181439399719,0.33975037932395935,0.2973076403141022,0.2541557848453522,0.34174448251724243,0.3450738787651062,0.24898269772529602,0.3142406642436981,0.2723693549633026,0.29625317454338074,0.3093246817588806,0.2611662745475769,0.20516438782215118,0.24100112915039062,0.17643801867961884,0.31129106879234314,0.4232090711593628,0.3484915792942047,0.30041348934173584,0.2369018942117691,0.3428786098957062,0.18827594816684723,0.18918593227863312,0.30906325578689575,0.3042581379413605,0.33963385224342346,0.30497774481773376,0.26600009202957153,0.3529718220233917,0.2829059958457947,0.31764039397239685,0.19299457967281342,0.2973962128162384,0.2735188901424408,0.2227543294429779,0.23991431295871735,0.38354605436325073,0.2767370045185089,0.2428896725177765,0.22822190821170807,0.29227474331855774,0.25217702984809875,0.38768270611763,0.2114294171333313,0.2551737427711487,0.31742191314697266,0.31034421920776367,0.3139970600605011,0.3133334815502167,0.2226962447166443,0.23379747569561005,0.24883519113063812,0.29113757610321045,0.3737381398677826,0.3358059525489807,0.3320612609386444,0.2803646922111511,0.302929550409317,0.3682107925415039,0.12392506003379822,0.20095939934253693,0.16399620473384857,0.2796974778175354,0.3506915271282196,0.3556094467639923,0.1639796942472458,0.37747934460639954,0.3031615912914276,0.16399961709976196,0.25621768832206726,0.1944682002067566,0.23031729459762573,0.36955803632736206,0.31870806217193604,0.2230561524629593,0.2836432158946991,0.21933841705322266,0.36592671275138855,0.33511513471603394,0.2657772898674011,0.2098432034254074,0.265720009803772,0.26125475764274597,0.2695247232913971,0.2650386095046997,0.15161627531051636,0.2309959977865219,0.296621173620224,0.29948124289512634,0.2814027667045593,0.3477632701396942,0.20908313989639282,0.22485576570034027,0.2226117104291916,0.3051414489746094,0.27074944972991943,0.3655565083026886,0.30566999316215515,0.3308826982975006,0.19872966408729553,0.2374984174966812,0.16750460863113403,0.25774407386779785,0.16189447045326233,0.19488148391246796,0.2763445973396301,0.2988182008266449,0.4167702794075012,0.353035569190979,0.2719830870628357,0.2571237087249756,0.30361759662628174,0.2955283522605896,0.18802544474601746,0.2432081252336502,0.2275732159614563,0.29670456051826477,0.2967108190059662,0.18067869544029236,0.4093317687511444,0.3687494993209839,0.3488825261592865,0.35005587339401245,0.3641658425331116,0.24490028619766235,0.2597956359386444,0.31332728266716003,0.3337351381778717,0.3204384744167328,0.20197686553001404
val_mamba3_2,0.7225405921680993,0.7176013443441426,0.7225405921680993,0.8562673844906334,0.9405814111232758,1.464623510837555,0.8756284415721893,0.8112379014492035,0.940264105796814,0.7877672612667084,0.7178316116333008,0.7319022715091705,0.7655504941940308,0.7699791789054871,0.7059119045734406,0.6439824402332306,0.6228784024715424,0.6323718726634979,0.6232813000679016,0.6174542903900146,0.6606350541114807,0.6629604399204254,0.746998131275177,0.7238585948944092,0.7134232223033905,0.6708207428455353,0.7099894285202026,0.6683568954467773,0.6965851187705994,0.6932115852832794,0.6703428030014038,0.6927657425403595,0.7046310305595398,0.6939089894294739,0.6977565884590149,0.6740679144859314,0.6756390035152435,0.6878036558628082,0.6961270272731781,0.6989648938179016,0.7035505175590515,0.6766565442085266,0.688419759273529,0.6667437851428986,0.6817752718925476,0.7138893902301788,0.6647877395153046,0.6759062111377716,0.711410254240036,0.6961264908313751,0.713980495929718,0.6702069044113159,0.6847284734249115,0.6817289590835571,0.6717319190502167,0.6734753251075745,0.7018448412418365,0.6881222426891327,0.7043916285037994,0.6856905221939087,0.6714219152927399,0.7124593257904053,0.6816664636135101,0.6771501004695892,0.691128134727478,0.6766381859779358,0.6979874670505524,0.6603045463562012,0.6873726546764374,0.6851071119308472,0.7019615769386292,0.6689107120037079,0.6796451508998871,0.6886245608329773,0.6738195717334747,0.6615367233753204,0.67876335978508,0.6907031238079071,0.6775358617305756,0.6825401484966278,0.676654726266861,0.7060284316539764,0.6946977078914642,0.6768509149551392,0.6834966242313385,0.7054384648799896,0.7238370180130005,0.6636583507061005,0.6944621801376343,0.6677101254463196,0.6792889535427094,0.6864338517189026,0.677021861076355,0.6843428015708923,0.6880546510219574,0.6808916628360748,0.683149129152298,0.7033047080039978,0.7131616175174713,0.6994384527206421,0.7142668664455414,0.6736134886741638,0.6782680749893188,0.6804220378398895,0.6845015287399292,0.6865143179893494,0.7237430810928345,0.7100705802440643,0.7086051404476166,0.660853385925293,0.6818861961364746,0.6787764132022858,0.6602646708488464,0.7155314385890961,0.684996634721756,0.6962056457996368,0.7136105000972748,0.6843978762626648,0.7010898292064667,0.6641558408737183,0.6946333050727844,0.7072614133358002,0.6814313232898712,0.6952199935913086,0.6678248047828674,0.7079858779907227,0.7121678590774536,0.7075900435447693,0.7058753669261932,0.7174844741821289,0.7074906826019287,0.6967431306838989,0.687432199716568,0.6680448353290558,0.6936182677745819,0.687102347612381,0.6533057689666748,0.6766600608825684,0.6791714727878571,0.6735882759094238,0.6974488198757172,0.6780028641223907,0.6915613412857056,0.6902518272399902,0.6937162280082703,0.7182953059673309,0.6816751956939697,0.7088544368743896,0.7122768759727478,0.702087938785553,0.6810398697853088,0.6870113909244537,0.683215856552124,0.7480555474758148,0.6708491444587708,0.6692309379577637,0.69181689620018,0.681454986333847,0.6938507258892059,0.7319811880588531,0.7177891731262207,0.6869621276855469,0.6999514698982239,0.7198924720287323,0.6784937679767609,0.7113786935806274,0.6882753968238831,0.6616642773151398,0.7029844522476196,0.6869820654392242,0.6815501153469086,0.6471449732780457,0.677405595779419,0.7038173377513885,0.6760212779045105,0.6821556091308594,0.6782018542289734,0.6651408970355988,0.6621519327163696,0.7066603302955627,0.6811006367206573,0.6748090088367462,0.6848541498184204,0.6958335041999817,0.6997599601745605,0.7054514288902283,0.6685913801193237,0.695944607257843,0.6985139548778534,0.7175681293010712,0.6773787140846252,0.6959887742996216,0.6877295970916748,0.68794384598732,0.6821700632572174,0.6934945583343506,0.668861597776413,0.7329105138778687,0.6785469651222229,0.6954976916313171,0.688994437456131,0.6993187665939331,0.6795730590820312,0.6847252547740936
train_mamba3_2,0.6749385984498102,0.6695086079116944,0.6749385984498102,0.8503557386977193,1.19985032081604,1.0704487562179565,0.8595861792564392,0.7263287901878357,0.6566118001937866,0.5611487030982971,0.5382928252220154,0.4981922507286072,0.4856029152870178,0.3769242465496063,0.42617183923721313,0.4351649284362793,0.3660106658935547,0.3786144554615021,0.34989818930625916,0.3652794063091278,0.45212996006011963,0.44546419382095337,0.44760921597480774,0.4228098690509796,0.37654420733451843,0.2875668406486511,0.3090532124042511,0.3445996642112732,0.4682373106479645,0.377655953168869,0.3678613305091858,0.29844722151756287,0.3487491011619568,0.29916319251060486,0.3548654019832611,0.4363003373146057,0.39865705370903015,0.37937599420547485,0.4033474326133728,0.342928946018219,0.3632122874259949,0.45938819646835327,0.43656882643699646,0.35581788420677185,0.36346402764320374,0.38597121834754944,0.3652682900428772,0.4698989987373352,0.40020138025283813,0.36590680480003357,0.43832382559776306,0.19823192059993744,0.3620658218860626,0.35948699712753296,0.2352122813463211,0.34473302960395813,0.34543338418006897,0.2712259888648987,0.37282124161720276,0.3414350152015686,0.36633720993995667,0.2890091836452484,0.41217219829559326,0.41616952419281006,0.3856838643550873,0.3665860593318939,0.3372941017150879,0.4012383222579956,0.4450734257698059,0.4666345417499542,0.354299932718277,0.329384446144104,0.42279282212257385,0.3325349986553192,0.44363126158714294,0.3717879056930542,0.3087414503097534,0.35671648383140564,0.4054480195045471,0.3168903589248657,0.38584983348846436,0.33721476793289185,0.3404329717159271,0.3391083776950836,0.3244554400444031,0.34185343980789185,0.3405012786388397,0.3594837486743927,0.40342050790786743,0.4203566312789917,0.4011704623699188,0.30845725536346436,0.3612897992134094,0.31732895970344543,0.3942353427410126,0.37583303451538086,0.3390979468822479,0.3819856643676758,0.35165369510650635,0.302372008562088,0.43517783284187317,0.3106638789176941,0.40756675601005554,0.38040411472320557
val_mamba3_2,0.6749385984498102,0.6695086079116944,0.6749385984498102,0.8503557386977193,0.9103676378726959,0.9776308238506317,0.7382274270057678,0.6875894367694855,0.671098917722702,0.6333765685558319,0.6658072769641876,0.7030846178531647,0.6710914969444275,0.6621272563934326,0.6517450511455536,0.6805167496204376,0.6904968619346619,0.6926940083503723,0.6596449315547943,0.6897094249725342,0.6823908984661102,0.6817040741443634,0.6633799076080322,0.6978461742401123,0.6665189266204834,0.6738289594650269,0.660471647977829,0.68097785115242,0.6829086244106293,0.6716570854187012,0.6878544390201569,0.665330708026886,0.6513344645500183,0.6650619208812714,0.6545867621898651,0.6768322587013245,0.674239456653595,0.6837668716907501,0.7033615112304688,0.6854581534862518,0.6614823043346405,0.689305305480957,0.6436905860900879,0.6679225564002991,0.6730070114135742,0.6698850393295288,0.6828284859657288,0.6705155372619629,0.6584870219230652,0.6850996315479279,0.6662376821041107,0.6734690368175507,0.6719377338886261,0.6837948262691498,0.6753433048725128,0.673959881067276,0.6567064225673676,0.6630586683750153,0.6704452931880951,0.6753650903701782,0.7018344700336456,0.643712043762207,0.6673167645931244,0.675142377614975,0.6642674803733826,0.6637787222862244,0.69638791680336,0.6852905452251434,0.6701388955116272,0.6817321181297302,0.6764909625053406,0.6853022575378418,0.6728608310222626,0.6864779889583588,0.6819112002849579,0.693012535572052,0.6829321086406708,0.665608137845993,0.6740292608737946,0.6950399875640869,0.6684325039386749,0.6708184480667114,0.6626878678798676,0.6615768671035767,0.6518088281154633,0.6550854742527008,0.656038224697113,0.680563896894455,0.7023580968379974,0.6843621730804443,0.68334099650383,0.6683925986289978,0.6641047298908234,0.686793178319931,0.6487100422382355,0.6911915838718414,0.6802782118320465,0.6799367368221283,0.681776374578476,0.6753645837306976,0.6573288142681122,0.6646077632904053,0.6697594523429871,0.681924432516098
train_mamba3_2,0.704467572026907,0.6947547227599657,0.704467572026907,0.8632352194756555,1.1496082544326782,1.0871307849884033,0.6972489953041077,0.6719063520431519,0.6030762791633606,0.5828555226325989,0.6308542490005493,0.5108743906021118,0.44272172451019287,0.5070487856864929,0.37607133388519287,0.4356330931186676,0.447616845369339,0.3960131108760834,0.5050316452980042,0.42896637320518494,0.344900906085968,0.42105817794799805,0.5035288333892822,0.45462486147880554,0.33064115047454834,0.34585630893707275,0.41256749629974365,0.3327258229255676,0.3776598274707794,0.2915353775024414,0.3654809892177582,0.2916662395000458,0.44719961285591125,0.30544954538345337,0.3851390480995178,0.39653486013412476,0.35926899313926697,0.287728488445282,0.41423025727272034,0.3231809437274933,0.38032451272010803,0.3136943280696869,0.30639177560806274,0.20749759674072266,0.3873254656791687,0.3650836944580078,0.26263532042503357,0.39162081480026245,0.2742810547351837,0.36058905720710754,0.376935750246048,0.4008857011795044,0.3435872197151184,0.48311111330986023
val_mamba3_2,0.704467572026907,0.6947547227599657,0.704467572026907,0.8632352194756555,0.9937325119972229,0.8544742166996002,0.9358835518360138,0.6769922971725464,0.6029989421367645,0.6537308394908905,0.608577311038971,0.5875009894371033,0.5724605619907379,0.568459540605545,0.628042072057724,0.6675899922847748,0.7161893248558044,0.7727267444133759,0.7711172997951508,0.7936341464519501,0.7713386118412018,0.7664327025413513,0.7728193402290344,0.7544599175453186,0.7348515689373016,0.7570423185825348,0.7140271663665771,0.7193406522274017,0.7334616780281067,0.722042977809906,0.7225748300552368,0.7221372425556183,0.7497729659080505,0.7506228089332581,0.7385461926460266,0.7150734961032867,0.7434475421905518,0.7225053012371063,0.7162537574768066,0.7504991888999939,0.7194721400737762,0.7121652066707611,0.7671518623828888,0.7268014252185822,0.7160563170909882,0.7166579365730286,0.6880518794059753,0.7197670340538025,0.7588346004486084,0.7132419347763062,0.7452355623245239,0.7509440183639526,0.7495579719543457,0.7203567326068878
train_mamba3_8,0.6794488659599233,0.664535041142318,0.6794488659599233,0.8262615761539297,1.1973525285720825,1.19071364402771,1.1667571067810059,1.09496009349823,0.7121351361274719,0.7142736315727234,0.6200205087661743,0.5178525447845459,0.5450726747512817,0.4763008654117584,0.4778018295764923,0.3380083739757538,0.35941314697265625,0.42662468552589417,0.33356377482414246,0.22441652417182922,0.3078242242336273,0.43599554896354675,0.333713173866272,0.36588531732559204,0.34269997477531433,0.4249950349330902,0.299570769071579,0.3705196678638458,0.2954908609390259,0.3063390552997589,0.4180522859096527,0.3876451849937439,0.2691175639629364,0.2850189805030823,0.25556400418281555,0.37280234694480896,0.2953760027885437,0.377890020608902,0.24988485872745514,0.40537023544311523,0.40109148621559143,0.4541098475456238,0.4133916199207306,0.335029661655426,0.4008621871471405,0.27736374735832214,0.28655052185058594,0.41972801089286804,0.32784464955329895,0.3088575303554535,0.34721431136131287,0.5341213345527649,0.44690635800361633,0.3138086199760437
val_mamba3_8,0.6794488659599233,0.664535041142318,0.6794488659599233,0.8262615761539297,0.9099829494953156,1.2737308740615845,0.9106973707675934,0.7399581074714661,0.8163461685180664,0.6957812607288361,0.6370347738265991,0.7188289761543274,0.7157373428344727,0.6592586040496826,0.5972130596637726,0.5968406498432159,0.6017148792743683,0.604237824678421,0.6089645624160767,0.6267988383769989,0.6583716869354248,0.6617414355278015,0.6809867024421692,0.70514115691185,0.6570187211036682,0.6671871840953827,0.6831154525279999,0.6559129357337952,0.6580297946929932,0.6327812671661377,0.6775085628032684,0.6276599168777466,0.6868813633918762,0.6628661155700684,0.6437383592128754,0.6567686200141907,0.6683072149753571,0.6459103226661682,0.6594923734664917,0.6470480859279633,0.6686906218528748,0.6327061951160431,0.6642099320888519,0.6344633996486664,0.6524394154548645,0.6419767439365387,0.6644709408283234,0.6717913448810577,0.6647132635116577,0.6580354273319244,0.6446807384490967,0.643074244260788,0.6600635945796967,0.6539866030216217
train_mamba3_32,0.7140557431899246,0.7068495980293523,0.7140557431899246,0.8668809536626553,12652.4208984375,19414.4296875,89.90409088134766,1.2371444702148438,0.9292731881141663,0.779676079750061,0.8091316223144531,0.9248700737953186,0.8959070444107056,0.8070957064628601,0.6543174386024475,0.6043726801872253,0.6631879806518555,0.6076545119285583,0.5889862775802612,0.4704802334308624,0.5042756795883179,0.4077654480934143,0.45737501978874207,0.402950644493103,0.3980337083339691,0.41282686591148376,0.44709381461143494,0.4122876524925232,0.4166370630264282,0.33047106862068176,0.4369392991065979,0.3825080096721649,0.40413448214530945,0.3744778037071228,0.3966010808944702,0.45476457476615906,0.39969778060913086,11.303080558776855,0.38938793540000916,0.3860749304294586,0.3059180974960327,0.36419931054115295,0.44753268361091614,0.39289411902427673,0.4434908926486969,0.3353026509284973,0.33907172083854675,0.42523735761642456,0.3433327376842499,0.37476804852485657,0.3557853698730469,0.3617567718029022,0.3827334940433502,0.38480085134506226
val_mamba3_32,0.7140557431899246,0.7068495980293523,0.7140557431899246,0.8668809536626553,2.8545854091644287,1.257748782634735,1.6039620637893677,1.2775189876556396,0.8571213185787201,0.829672783613205,0.8605766296386719,0.8488195240497589,0.7851465344429016,0.7462688386440277,0.7378311157226562,0.7743759155273438,0.7811261415481567,0.7776734828948975,0.7597382366657257,0.7304293215274811,0.701461523771286,0.679140567779541,0.6453752219676971,0.6401674449443817,0.6099429130554199,0.5788798034191132,0.5744150876998901,0.594367116689682,0.6013648211956024,0.6217429041862488,0.5872149169445038,0.6107062995433807,0.5970182120800018,0.5803322494029999,0.5943449437618256,0.5933317840099335,0.6033934652805328,0.5863725543022156,0.6053203344345093,0.5865172147750854,0.5660159885883331,0.599703311920166,0.6063462495803833,0.5717062056064606,0.5748040974140167,0.585853785276413,0.5670933425426483,0.5870392024517059,0.5869665443897247,0.5913086831569672,0.595361202955246,0.5831042528152466,0.5992333889007568,0.5710326433181763
train_mamba3_2,0.6530076526072255,0.6351092226478191,0.6530076526072255,0.8044306904498676,1.234073281288147,1.7327265739440918,1.0700914859771729,0.8440729379653931,0.6437891125679016,0.7738028764724731,0.5959787368774414,0.5803205370903015,0.6207109093666077,0.618977963924408,0.5961588025093079,0.48115789890289307,0.3043948709964752,0.4625549912452698,0.40115290880203247,0.5471801161766052,0.3998385965824127,0.3182987868785858,0.393104612827301,0.2706410586833954
val_mamba3_2,0.6530076526072255,0.6351092226478191,0.6530076526072255,0.8044306904498676,1.4411588907241821,0.945647656917572,0.8100223541259766,0.7938341498374939,0.9141402840614319,0.8347562551498413,0.6998961567878723,0.7249085307121277,0.7585446834564209,0.7173258066177368,0.6584004759788513,0.6517843008041382,0.6916522979736328,0.7111583948135376,0.7183048129081726,0.6838163137435913,0.6799585223197937,0.6645130515098572,0.6836474537849426,0.6837571859359741
train_mamba3_2,0.6474358974358975,0.6274362095021936,0.6474358974358975,0.8323892875124067,1.1310168504714966,1.989312767982483,0.7118586897850037,1.1802221536636353,0.8980766534805298,0.5400484800338745,0.5472298264503479,0.6137794852256775,0.6633036136627197,0.4391549229621887,0.41712015867233276,0.5365795493125916,0.4093424379825592,0.3345085084438324,0.43611302971839905,0.39078521728515625,0.31038782000541687,0.4127345383167267,0.451620489358902,0.4173259437084198
val_mamba3_2,0.6474358974358975,0.6274362095021936,0.6474358974358975,0.8323892875124067,1.9566408395767212,0.7342830300331116,0.9168708324432373,0.7609123587608337,0.6349453330039978,0.6840230226516724,0.8543235063552856,0.8655098080635071,0.7606146335601807,0.699486255645752,0.7046841979026794,0.7090500593185425,0.7023833990097046,0.6860285401344299,0.6788316369056702,0.6637864112854004,0.6591779589653015,0.6587238907814026,0.6565294861793518,0.6471019387245178
train_mamba3_8,0.6652574769507533,0.6540943027915876,0.6652574769507533,0.8167193090499519,1.294201135635376,1.6678718328475952,0.8851420283317566,1.2708542346954346,0.9455769062042236,0.6501044631004333,0.7388249635696411,0.6197129487991333,0.5577401518821716,0.41477566957473755,0.3981260359287262,0.5029662251472473,0.46835505962371826,0.38224121928215027,0.40871891379356384,0.37002435326576233,0.3889525532722473,0.30201634764671326,0.3839212954044342,0.33839473128318787
val_mamba3_8,0.6652574769507533,0.6540943027915876,0.6652574769507533,0.8167193090499519,1.3469797372817993,0.8269699811935425,0.9761671423912048,0.7510312795639038,0.7124050855636597,0.7763071656227112,0.7632670998573303,0.7724317312240601,0.7357537150382996,0.7109474539756775,0.6870560646057129,0.6683207154273987,0.680484414100647,0.7068711519241333,0.6919701099395752,0.7012430429458618,0.7214275598526001,0.8031456470489502,0.7952907085418701,0.7998665571212769
train_mamba3_32,0.5329009170208007,0.4947993136857997,0.5329009170208007,0.8449560643756223,130342.65625,52.500980377197266,1.0965664386749268,0.9949004650115967,1.0474573373794556,0.9400913119316101,0.7429638504981995,0.7030398845672607,0.7935150861740112,0.7828142046928406,0.6911313533782959,0.5894874930381775,0.5418420433998108,0.46977144479751587,0.5461242198944092,0.5201812386512756,0.443636029958725,0.6128338575363159,0.6855899691581726,0.4131377637386322
val_mamba3_32,0.5329009170208007,0.4947993136857997,0.5329009170208007,0.8449560643756223,1.196661353111267,0.9661004543304443,1.26181960105896,1.3466657400131226,1.1258643865585327,0.9207600355148315,0.8226211667060852,0.777225136756897,0.7493860125541687,0.7202024459838867,0.7046965956687927,0.6947078704833984,0.680838942527771,0.6779443621635437,0.7052202224731445,0.720049262046814,0.7409549355506897,0.7363816499710083,0.7152723670005798,0.704630970954895
train_mamba3_2,0.742,0.7419964670052398,0.742,0.9370466787079793,1.9666035175323486,1.5431456565856934,1.29812490940094,1.2020119428634644,0.8436375856399536,0.7780969738960266,0.8375880122184753,0.702854335308075,0.6435465216636658,0.6674346923828125,0.5391480326652527,0.563839316368103,0.45382222533226013,0.5112900137901306,0.5391963124275208,0.3678455352783203,0.3032380938529968,0.34818917512893677,0.34381580352783203,0.32157599925994873,0.3572436273097992,0.2807943522930145,0.42088937759399414,0.39347684383392334,0.3185490369796753,0.2983633577823639,0.33450692892074585,0.3178311288356781,0.3471308946609497,0.3020592927932739,0.2889997959136963,0.37542638182640076,0.29661673307418823,0.35112467408180237,0.22622378170490265,0.33974316716194153,0.30229651927948,0.3122464418411255,0.3317371606826782,0.2798386216163635,0.3665482997894287,0.34538018703460693,0.368696004152298,0.3016071021556854,0.40579691529273987,0.28568223118782043,0.32550567388534546,0.31323298811912537,0.3230036199092865,0.26277947425842285
val_mamba3_2,0.742,0.7419964670052398,0.742,0.9370466787079793,1.6172736883163452,1.4073436260223389,1.7413848638534546,1.2939602136611938,1.2556195259094238,1.1275475025177002,1.0282835960388184,1.0516008138656616,1.106687307357788,1.0855426788330078,1.0149444341659546,0.9635629057884216,0.9728603959083557,0.9965341687202454,1.0221054553985596,1.0556703805923462,1.0959968566894531,1.0905029773712158,1.0928677320480347,1.0931349992752075,1.0923279523849487,1.090351939201355,1.0871585607528687,1.08659029006958,1.0866434574127197,1.0867141485214233,1.086909294128418,1.0869981050491333,1.0873379707336426,1.0874375104904175,1.087458610534668,1.0874706506729126,1.087502121925354,1.087550401687622,1.087594747543335,1.0876405239105225,1.0876456499099731,1.0876494646072388,1.0876542329788208,1.0876563787460327,1.0876574516296387,1.0876606702804565,1.0876604318618774,1.0876600742340088,1.0876597166061401,1.0876595973968506,1.0876593589782715,1.0876585245132446,1.0876585245132446,1.0876586437225342
train_mamba3_8,0.741,0.7298279708595684,0.741,0.9237618929066057,1.954598069190979,1.7702960968017578,2.0634961128234863,1.411185383796692,1.0406122207641602,0.9222214818000793,0.8698225021362305,0.6996146440505981,0.7032484412193298,0.7204192876815796,0.5864108800888062,0.49471551179885864,0.4952943027019501,0.5114841461181641,0.5065634250640869,0.45602139830589294,0.5087254643440247,0.4567010700702667,0.5482295155525208,0.38305893540382385,0.38153883814811707,0.4017461836338043,0.3866894245147705,0.382396936416626,0.38280633091926575,0.4179075360298157,0.40984460711479187,0.39472687244415283,0.3652644157409668,0.38364553451538086,0.46185302734375,0.43523797392845154,0.3708777129650116,0.3241499960422516,0.38462910056114197,0.3777318298816681,0.42464303970336914,0.3800336420536041,0.2688201665878296,0.4900127947330475,0.43626460433006287,0.49407052993774414,0.30776119232177734,0.4920247793197632,0.4196733832359314,0.4283655285835266,0.42409422993659973,0.4212164580821991,0.4509454667568207,0.43717536330223083
val_mamba3_8,0.741,0.7298279708595684,0.741,0.9237618929066057,1.7323393821716309,1.8081717491149902,1.6680024862289429,1.2552517652511597,1.0089216232299805,0.9208678007125854,0.8923981189727783,0.9534863233566284,1.0088014602661133,1.0554136037826538,1.0434726476669312,1.0122252702713013,0.9897487759590149,0.9864789843559265,0.9803006649017334,0.9721367359161377,0.9637339115142822,0.9563345909118652,0.9500861167907715,0.9497392773628235,0.9495421648025513,0.9494102001190186,0.9491411447525024,0.9489063024520874,0.9487558603286743,0.9487318992614746,0.9487091302871704,0.9486978650093079,0.9486860632896423,0.9486759305000305,0.9486569762229919,0.9486547112464905,0.9486523270606995,0.9486492276191711,0.9486451745033264,0.9486421346664429,0.9486387372016907,0.9486381411552429,0.9486380219459534,0.9486375451087952,0.9486374258995056,0.9486373066902161,0.9486368894577026,0.9486367106437683,0.9486367106437683,0.9486367106437683,0.9486367106437683,0.9486367106437683,0.9486367106437683,0.948636531829834
train_mamba3_32,0.7,0.694629920570142,0.7,0.9262287491953661,3397.336181640625,574.6475219726562,72.08905029296875,45.757347106933594,6.1153388023376465,1.4290549755096436,1.239791989326477,1.1255135536193848,2.599306344985962,0.9789195656776428,0.9852409362792969,0.8042745590209961,0.6973740458488464,0.8415154218673706,2.137943983078003,0.7620316743850708,0.9644233584403992,0.655530571937561,0.5791299343109131,0.5995463132858276,0.5681273341178894,0.639513373374939,0.5145668387413025,0.5666465163230896,0.5105540156364441,0.8326431512832642,0.6385769248008728,0.5627965927124023,0.5670250654220581,0.5515977740287781,0.5928217172622681,0.5273258686065674,0.5680357813835144,0.5476336479187012,0.4843386113643646,0.45935773849487305,0.5645434856414795,0.5118997097015381,0.5235950946807861,0.4921042323112488,0.5181355476379395,0.47009751200675964,0.5136740803718567,0.5024058818817139,0.5279852151870728,0.5025298595428467,0.5519850850105286,0.5589838027954102,0.5227603316307068,0.5574145913124084
val_mamba3_32,0.7,0.694629920570142,0.7,0.9262287491953661,2.0588486194610596,2.5495216846466064,1.6820849180221558,1.5362221002578735,1.3509910106658936,1.3130621910095215,1.4533227682113647,1.5197656154632568,1.4967416524887085,1.5261547565460205,1.4197568893432617,1.2820229530334473,1.2303584814071655,1.1928791999816895,1.1496061086654663,1.127996563911438,1.1424353122711182,1.171736478805542,1.2137600183486938,1.2499101161956787,1.2671427726745605,1.2476516962051392,1.244531512260437,1.2392805814743042,1.2319613695144653,1.2241148948669434,1.2164779901504517,1.2093526124954224,1.208672285079956,1.207957148551941,1.2071744203567505,1.20631742477417,1.2054475545883179,1.2046643495559692,1.2045859098434448,1.2045073509216309,1.204423189163208,1.204345941543579,1.2042641639709473,1.2041786909103394,1.20417058467865,1.204161524772644,1.2041534185409546,1.2041454315185547,1.2041364908218384,1.2041281461715698,1.204127311706543,1.2041268348693848,1.2041258811950684,1.2041250467300415
train_mamba3_2,0.741,0.7294693996542803,0.741,0.9418890165381534,2.0091500282287598,1.5164207220077515,1.2110155820846558,0.9015162587165833,0.7903870344161987,0.7491235136985779,0.6536825895309448,0.5929632186889648,0.551523745059967,0.45883190631866455,0.4728160798549652,0.30869337916374207,0.37953516840934753,0.34066200256347656,0.32334044575691223,0.34998077154159546,0.2779071033000946,0.2943042516708374,0.3066665232181549,0.33047249913215637,0.3530147969722748,0.27903398871421814,0.2705986201763153,0.28876301646232605,0.27798131108283997,0.2949470281600952,0.32145407795906067,0.28793400526046753,0.3053271472454071,0.3387712836265564,0.3184552788734436,0.26343631744384766,0.32723870873451233,0.22008803486824036,0.29556891322135925,0.3256824314594269,0.2461472600698471,0.2934812009334564,0.30426743626594543,0.2804078459739685,0.23191027343273163,0.2810828685760498,0.242839515209198,0.2732106149196625,0.3344789147377014,0.2949506342411041,0.3001662790775299,0.3058668076992035,0.30684545636177063,0.2842562198638916
val_mamba3_2,0.741,0.7294693996542803,0.741,0.9418890165381534,1.7316277027130127,1.1926615238189697,1.1564781665802002,1.1204365491867065,1.0414080619812012,1.0146228075027466,0.986514687538147,1.0065757036209106,1.0534393787384033,1.1076045036315918,1.1133707761764526,1.1200876235961914,1.122308611869812,1.122953176498413,1.124611496925354,1.1270875930786133,1.1293482780456543,1.131510615348816,1.1355416774749756,1.1360019445419312,1.1366221904754639,1.1371581554412842,1.1375985145568848,1.1381490230560303,1.1385797262191772,1.1386247873306274,1.1386507749557495,1.1386733055114746,1.138702630996704,1.1387403011322021,1.138784408569336,1.1387885808944702,1.138792872428894,1.138797402381897,1.1388020515441895,1.1388070583343506,1.1388132572174072,1.1388139724731445,1.1388145685195923,1.138814926147461,1.1388155221939087,1.1388157606124878,1.1388158798217773,1.1388158798217773,1.1388158798217773,1.1388161182403564,1.1388161182403564,1.1388161182403564,1.138816237449646,1.1388161182403564
train_mamba3_8,0.784,0.767733667287332,0.784,0.9466244733080706,2.0853800773620605,1.4669100046157837,1.1798065900802612,1.0256062746047974,0.7808835506439209,0.7871641516685486,0.6923079490661621,0.6402472257614136,0.5898756384849548,0.5157734155654907,0.6021062135696411,0.4164278507232666,0.3301036059856415,0.3383869528770447,0.47936269640922546,0.34551864862442017,0.32842642068862915,0.31188666820526123,0.30623048543930054,0.29472726583480835,0.2901418209075928,0.31757408380508423,0.2538040280342102,0.32946717739105225,0.2592025101184845,0.3088403642177582,0.2629222571849823,0.33039653301239014,0.39402925968170166,0.23836112022399902,0.36043068766593933,0.3160700798034668,0.3051619231700897,0.2052125483751297,0.2580530643463135,0.34488216042518616,0.2866794168949127,0.2673947513103485,0.3347998261451721,0.29418420791625977,0.2590741813182831,0.277682363986969,0.24506217241287231,0.25090259313583374,0.3698141872882843,0.3046902120113373,0.2976417541503906,0.31477880477905273,0.29111528396606445,0.38927266001701355
val_mamba3_8,0.784,0.767733667287332,0.784,0.9466244733080706,1.719955325126648,1.4095520973205566,1.123948574066162,0.9774779081344604,0.9258960485458374,0.9208594560623169,0.9044746160507202,0.8789106607437134,0.8607983589172363,0.8501410484313965,0.856489896774292,0.8778606057167053,0.9162121415138245,0.9385748505592346,0.9074251651763916,0.8844407796859741,0.8824916481971741,0.8806231617927551,0.8794167637825012,0.8799405694007874,0.8819652199745178,0.8851112127304077,0.8854940533638,0.8857694864273071,0.8859862685203552,0.8862656950950623,0.8865565061569214,0.8869332671165466,0.8869733810424805,0.8870118260383606,0.8870629072189331,0.8871064186096191,0.8871791362762451,0.8872418999671936,0.8872491121292114,0.8872548937797546,0.8872615694999695,0.8872671127319336,0.8872706294059753,0.8872750401496887,0.8872754573822021,0.8872758150100708,0.8872760534286499,0.8872764706611633,0.8872767686843872,0.8872771859169006,0.8872772455215454,0.8872773051261902,0.8872773051261902,0.8872774243354797
train_mamba3_32,0.761,0.7531594140416518,0.761,0.9419785916740071,8147.90625,372.8376770019531,48.458431243896484,33.647010803222656,1.6872200965881348,1.1107251644134521,1.5649120807647705,0.8189631104469299,0.765221893787384,0.6808252334594727,0.6470908522605896,0.5873461365699768,1.5337872505187988,0.6051115989685059,0.576642632484436,0.3741324841976166,0.48425325751304626,0.4744746685028076,0.44593381881713867,0.454741895198822,0.5039188861846924,0.5658813118934631,0.4299445152282715,0.4570266306400299,0.5096903443336487,0.481847882270813,0.43960776925086975,0.5386420488357544,0.5295464992523193,0.5030186176300049,0.4537860155105591,0.40978869795799255,0.5443722009658813,0.5060620903968811,0.492093563079834,0.5258763432502747,0.5321924090385437,0.4382907748222351,0.46248680353164673,0.4315269887447357,0.4907197058200836,0.49500131607055664,0.45165786147117615,0.4748218059539795,0.4611881673336029,0.4758264720439911,0.525924026966095,0.3820498585700989,0.5411633849143982,0.45521771907806396
val_mamba3_32,0.761,0.7531594140416518,0.761,0.9419785916740071,2.4957826137542725,2.409212112426758,1.5313820838928223,1.300979733467102,1.1930055618286133,1.1332019567489624,1.054895043373108,1.0152562856674194,1.009948492050171,1.0090949535369873,1.005125641822815,1.0087103843688965,1.0265965461730957,1.053276777267456,1.078609824180603,1.069248080253601,1.0198876857757568,1.0151865482330322,1.0109221935272217,1.0067569017410278,1.0030593872070312,1.0006194114685059,0.9975214600563049,0.9945605993270874,0.9931371212005615,0.9922000765800476,0.9921441078186035,0.9932642579078674,0.9951019883155823,0.9968791007995605,0.997913658618927,0.9995812773704529,0.9996181726455688,0.9996812343597412,0.9998559355735779,1.000000238418579,1.0000213384628296,0.9999968409538269,0.9999909996986389,0.9999964833259583,0.9999995827674866,1.0000064373016357,1.00001060962677,1.0000115633010864,1.0000123977661133,1.0000134706497192,1.000014066696167,1.0000144243240356,1.0000157356262207,1.0000171661376953
train_mamba3_2,0.76,0.7531604585551859,0.76,0.93956872330442,2.00508189201355,1.635593295097351,1.3523098230361938,1.1661726236343384,0.9320945739746094,0.851284384727478,0.6514071226119995,0.7281259298324585,0.5648297071456909,0.458053320646286,0.49271702766418457,0.4365936517715454,0.3960394263267517,0.39966386556625366,0.3681645691394806,0.3694843053817749,0.30986395478248596,0.3530639111995697,0.4000590741634369,0.38110876083374023,0.3627391755580902,0.3939831554889679,0.40443551540374756,0.34922030568122864,0.3998837172985077,0.33092308044433594,0.35355228185653687,0.3420526087284088,0.3588699400424957,0.38329800963401794,0.3139232397079468,0.358383446931839,0.3006106913089752,0.3582598567008972,0.32886946201324463,0.30342912673950195,0.3602372407913208,0.2785033583641052,0.3684541583061218,0.38681432604789734,0.39124396443367004,0.31058770418167114,0.2995126247406006,0.3563959002494812,0.310123085975647,0.3252761960029602,0.29395654797554016,0.36947646737098694,0.33723464608192444,0.314333438873291
val_mamba3_2,0.76,0.7531604585551859,0.76,0.93956872330442,1.6050374507904053,1.4737534523010254,1.4432388544082642,1.180242657661438,0.9725709557533264,0.8949405550956726,0.8380311727523804,0.8242805600166321,0.8669546842575073,0.929633378982544,0.9924936294555664,1.0044714212417603,0.9896678328514099,0.9451788067817688,0.938401460647583,0.9317737817764282,0.9259181022644043,0.9196992516517639,0.9138793349266052,0.9080350399017334,0.9074602723121643,0.9068707227706909,0.9063788056373596,0.9057251214981079,0.9049844741821289,0.9043052196502686,0.9042438864707947,0.9041849970817566,0.9041236042976379,0.9040651321411133,0.9040030241012573,0.9039454460144043,0.9039390087127686,0.9039337038993835,0.9039281606674194,0.9039232134819031,0.9039176106452942,0.9039103388786316,0.9039097428321838,0.9039089679718018,0.9039081931114197,0.9039071202278137,0.9039063453674316,0.90390545129776,0.9039053320884705,0.9039052724838257,0.9039052724838257,0.9039051532745361,0.9039051532745361,0.9039050936698914
train_mamba3_8,0.792,0.7858952498645888,0.792,0.9527755452725853,2.0209975242614746,1.6348832845687866,1.5700194835662842,1.1360269784927368,0.959378182888031,0.6740841865539551,0.7110019326210022,0.6108749508857727,0.5205085873603821,0.6955435872077942,0.5246604084968567,0.4963782727718353,0.5626335144042969,0.47540363669395447,0.4847002923488617,0.4147505760192871,0.282878041267395,0.3031861186027527,0.34567680954933167,0.2890454828739166,0.3022695779800415,0.3200996220111847,0.3279110789299011,0.3067457675933838,0.2813488841056824,0.3234201967716217,0.3281841278076172,0.2903577387332916,0.32004761695861816,0.29796645045280457,0.4074062407016754,0.2853858768939972,0.3706742823123932,0.28524842858314514,0.3035951256752014,0.3294071853160858,0.3391132056713104,0.3312591314315796,0.229727640748024,0.30151864886283875,0.2852955162525177,0.3631540536880493,0.29964563250541687,0.3034478724002838,0.2941441237926483,0.3266220986843109,0.37226563692092896,0.3459795117378235,0.2740548253059387,0.36752429604530334
val_mamba3_8,0.792,0.7858952498645888,0.792,0.9527755452725853,1.930841088294983,1.6281076669692993,1.2194464206695557,1.0911208391189575,1.042110800743103,1.0475633144378662,0.9723941087722778,0.926301896572113,0.8771576285362244,0.8155893683433533,0.7886832356452942,0.7952350974082947,0.8179107308387756,0.8414636254310608,0.8338490128517151,0.8432080745697021,0.893238365650177,0.8990142941474915,0.9030322432518005,0.9058618545532227,0.9093860387802124,0.9082952737808228,0.9070553183555603,0.9064459204673767,0.9059197902679443,0.9052695035934448,0.9044426679611206,0.9033628106117249,0.9020920991897583,0.9019538164138794,0.9018107652664185,0.9016523957252502,0.9014871120452881,0.9013370275497437,0.9011961817741394,0.9011832475662231,0.9011690020561218,0.9011563658714294,0.9011439085006714,0.9011316895484924,0.9011201858520508,0.9011193513870239,0.9011184573173523,0.9011175632476807,0.9011167883872986,0.9011162519454956,0.9011157751083374,0.9011157751083374,0.9011157751083374,0.9011156558990479
train_mamba3_32,0.737,0.7191101897185713,0.737,0.9424807169666783,5742.0634765625,252.03521728515625,6.261833667755127,2.1944797039031982,1.0567560195922852,0.8501734137535095,0.8207764625549316,0.6968739032745361,0.6558120846748352,0.5740542411804199,0.6628994941711426,0.5065156817436218,0.5258585810661316,0.5640259981155396,0.4921957850456238,0.41784489154815674,0.47437089681625366,0.5065461993217468,0.36787813901901245,0.5453221201896667,0.5848140716552734,0.4563223719596863,0.5011576414108276,0.49502721428871155,0.4708643853664398,0.5320543646812439,0.4509636461734772,0.4527299404144287,0.4460638165473938,0.4735928773880005,0.37951895594596863,0.4119572341442108,0.4846389889717102,0.46008214354515076,0.524675726890564,0.3531123399734497,0.5283223986625671,0.4775882661342621,0.4337433874607086,0.41642364859580994,0.4847053587436676,0.4843224585056305,0.4747142791748047,0.5108723044395447,0.4369671642780304,0.4447539150714874,0.5315611362457275,0.46730053424835205,0.4942484200000763,0.4397003948688507
val_mamba3_32,0.737,0.7191101897185713,0.737,0.9424807169666783,2.502478837966919,1.4773858785629272,1.2780600786209106,1.284548282623291,1.2965995073318481,1.2590094804763794,1.1508185863494873,1.0524674654006958,1.0219849348068237,1.0093679428100586,1.0060005187988281,1.0330990552902222,1.0965701341629028,1.1968625783920288,1.2942689657211304,1.3922767639160156,1.4452011585235596,1.4464823007583618,1.444940209388733,1.44021475315094,1.4318524599075317,1.4217537641525269,1.4089856147766113,1.407401442527771,1.4056118726730347,1.4037272930145264,1.4017666578292847,1.3997018337249756,1.397467851638794,1.3972281217575073,1.3969959020614624,1.3967455625534058,1.3965009450912476,1.3962466716766357,1.3959851264953613,1.3959600925445557,1.3959318399429321,1.3959016799926758,1.395870327949524,1.3958401679992676,1.3958091735839844,1.3958059549331665,1.3958024978637695,1.3957990407943726,1.3957957029342651,1.3957922458648682,1.3957886695861816,1.395788311958313,1.3957881927490234,1.3957880735397339
train_mamba3_2,0.7127081743502267,0.7149066551528684,0.7127081743502267,0.8629064036423498,1.1307651996612549,0.961146354675293,0.7836019396781921,0.6914137005805969,0.5022479295730591,0.4599113464355469,0.5248222947120667,0.3607806861400604,0.4472135901451111,0.30239737033843994,0.3771052658557892,0.42063722014427185,0.4321240782737732,0.5017974376678467,0.4135814905166626,0.4654654264450073,0.33348163962364197,0.4083004891872406,0.39000335335731506,0.2940763235092163,0.4219608008861542,0.3958994746208191,0.42130032181739807,0.4687421917915344,0.3318030536174774,0.4537847936153412,0.2892763316631317,0.32727089524269104,0.472839891910553,0.4408928453922272,0.380081444978714,0.33257782459259033,0.42288729548454285,0.3271682560443878,0.37231671810150146,0.3041251003742218,0.2967202365398407,0.4225567579269409,0.41893094778060913,0.35247597098350525,0.3698619306087494,0.40754902362823486,0.2872508466243744,0.3572975695133209,0.414241760969162,0.3788612186908722,0.4456787109375,0.4043353796005249,0.29864928126335144,0.438310831785202
val_mamba3_2,0.7127081743502267,0.7149066551528684,0.7127081743502267,0.8629064036423498,0.9118417501449585,0.7346498966217041,0.7944023013114929,0.651412844657898,0.5830011963844299,0.5740156769752502,0.5781343579292297,0.5937854051589966,0.5912311673164368,0.6371374726295471,0.685768723487854,0.7708105444908142,0.7595973014831543,0.762302815914154,0.7729186415672302,0.7477332353591919,0.7349265217781067,0.7218883037567139,0.7164945006370544,0.707090437412262,0.7210580110549927,0.6941916346549988,0.7101466059684753,0.6979364156723022,0.6947868466377258,0.6964082717895508,0.6958928108215332,0.6930404305458069,0.686954915523529,0.6871827840805054,0.7155067920684814,0.6970614790916443,0.7052747011184692,0.699367880821228,0.6927638053894043,0.711473822593689,0.7002050876617432,0.6821116805076599,0.6991295218467712,0.705409824848175,0.701039731502533,0.7120127081871033,0.6929450631141663,0.6857718229293823,0.7147666215896606,0.7090967297554016,0.7004921436309814,0.6746858954429626,0.6956461071968079,0.6841343641281128
train_mamba3_8,0.6523612777111377,0.648698793580852,0.6523612777111377,0.8115102966710787,1.2620837688446045,1.1085546016693115,1.0138728618621826,0.8396510481834412,0.853637158870697,0.7771416902542114,0.5792141556739807,0.7129080295562744,0.6336908936500549,0.48421332240104675,0.4252649247646332,0.4662752151489258,0.44971799850463867,0.4149828553199768,0.36416611075401306,0.3037010133266449,0.2900077700614929,0.44027987122535706,0.2914879024028778,0.3491080105304718,0.33154821395874023,0.3106812536716461,0.462679922580719,0.3810940384864807,0.25475865602493286,0.2519090473651886,0.2557048201560974,0.2942289710044861,0.3339632451534271,0.25474679470062256,0.30461230874061584,0.2472977638244629,0.35459184646606445,0.2882998287677765,0.2632406949996948,0.3092442750930786,0.4191875755786896,0.21756063401699066,0.2992830276489258,0.24872809648513794,0.33057674765586853,0.3413343131542206,0.39809608459472656,0.4288289248943329,0.2781236469745636,0.3336753249168396,0.3567926287651062,0.3096403479576111,0.315917432308197,0.2892959415912628
val_mamba3_8,0.6523612777111377,0.648698793580852,0.6523612777111377,0.8115102966710787,0.9343036413192749,1.022997260093689,0.8567032217979431,1.3201088905334473,1.0631959438323975,0.6849005818367004,0.7581581473350525,0.7772385478019714,0.686053454875946,0.633625328540802,0.6495380401611328,0.7366566061973572,0.8073338270187378,0.8019036650657654,0.7161430716514587,0.6506800651550293,0.6325123310089111,0.6132344007492065,0.6281237006187439,0.6157436966896057,0.6047136783599854,0.6174955368041992,0.6132031679153442,0.6287425756454468,0.6083998680114746,0.6149483323097229,0.623454213142395,0.610740065574646,0.6081222891807556,0.6158816814422607,0.6262200474739075,0.6132185459136963,0.6093554496765137,0.6161903738975525,0.6195563673973083,0.6100859045982361,0.6107093095779419,0.6283069252967834,0.6215906739234924,0.6098975539207458,0.6125406622886658,0.62116938829422,0.6053290963172913,0.6118302345275879,0.6098591685295105,0.6120327711105347,0.6255075335502625,0.6206151247024536,0.6225654482841492,0.6127288937568665
train_mamba3_32,0.6792377041863786,0.6775971572597186,0.6792377041863786,0.8658547069956412,59842.8125,223.78016662597656,8.42197322845459,0.7744548320770264,1.1772539615631104,0.8338186144828796,0.638451337814331,0.6381304860115051,0.7769540548324585,0.6312532424926758,0.6308906674385071,0.556280791759491,0.5319995284080505,0.5816211104393005,0.6440526247024536,0.5804132223129272,0.40834158658981323,0.4869929850101471,0.4394146502017975,0.5509764552116394,0.4407553970813751,0.4375007450580597,0.3641117215156555,0.393056720495224,0.4416063129901886,0.36987319588661194,0.3723839521408081,0.4380248188972473,0.41425222158432007,0.42632248997688293,0.424392431974411,0.3990357220172882,0.42027631402015686,0.45313265919685364,0.4654056131839752,0.4419419467449188,0.4334815442562103,0.38077184557914734,0.44296446442604065,0.40430477261543274,0.4680730402469635,0.41357967257499695,0.44050851464271545,0.43944889307022095,0.4242771565914154,0.44467633962631226,0.3869391083717346,0.49599489569664,0.4924398362636566,0.4764168858528137
val_mamba3_32,0.6792377041863786,0.6775971572597186,0.6792377041863786,0.8658547069956412,1.4022605419158936,1.1429985761642456,0.8728784322738647,1.1917023658752441,0.9411441087722778,0.7562487125396729,0.6846679449081421,0.6795035600662231,0.6752981543540955,0.6486610770225525,0.6153619885444641,0.5829432606697083,0.5951599478721619,0.6227514743804932,0.6529498100280762,0.6804298162460327,0.7000428438186646,0.6709665656089783,0.6732158660888672,0.6641125679016113,0.6603022217750549,0.6724482774734497,0.6526986360549927,0.645737886428833,0.6423050761222839,0.6465177536010742,0.645808756351471,0.6331210732460022,0.6358262896537781,0.6457393765449524,0.6254706382751465,0.6327227354049683,0.6420432925224304,0.6406651735305786,0.6503243446350098,0.6430338025093079,0.6355553269386292,0.6481122374534607,0.6320207715034485,0.6344488263130188,0.6412437558174133,0.644377589225769,0.6311967968940735,0.6435747146606445,0.6285104155540466,0.6320927143096924,0.6359238624572754,0.6414981484413147,0.6402828097343445,0.6218128800392151
train_mamba3_2,0.7088798846233089,0.705257817022264,0.7088798846233089,0.8524296088081313,1.1461303234100342,0.9686448574066162,0.5751156210899353,0.6405336260795593,0.5107486248016357,0.5586565732955933,0.4914415180683136,0.48070651292800903,0.32623499631881714,0.5116245746612549,0.34642237424850464,0.28400591015815735,0.4655911326408386,0.4324130415916443,0.4311206042766571,0.33633044362068176,0.41542938351631165,0.42015746235847473,0.31475672125816345,0.381450355052948,0.4089774191379547,0.31477880477905273,0.4621579051017761,0.3335130512714386,0.1622864305973053,0.4217737913131714,0.33086153864860535,0.30408117175102234,0.32390281558036804,0.29863157868385315,0.26984962821006775,0.39535465836524963,0.38443523645401,0.3939371407032013,0.27820417284965515,0.3558732569217682,0.32988613843917847,0.3702477514743805,0.38331323862075806,0.4063369631767273,0.43216896057128906,0.30880966782569885,0.44157087802886963,0.32430365681648254,0.3474296033382416,0.3628294765949249,0.37992000579833984,0.4437636733055115,0.30332544445991516,0.39152175188064575
val_mamba3_2,0.7088798846233089,0.705257817022264,0.7088798846233089,0.8524296088081313,0.764068603515625,0.8057934045791626,0.6933790445327759,0.6909977793693542,0.7454265356063843,0.6754412055015564,0.6092228889465332,0.7301988005638123,0.8884178400039673,0.6906608939170837,0.5934672355651855,0.598443865776062,0.687339186668396,0.6817603707313538,0.620698094367981,0.6458471417427063,0.6677939295768738,0.6479846835136414,0.6615691184997559,0.6554007530212402,0.6632363796234131,0.6549911499023438,0.6462804675102234,0.6586366891860962,0.6605877876281738,0.6543357372283936,0.6448383331298828,0.6455422639846802,0.6453855037689209,0.6532663106918335,0.664848804473877,0.649053692817688,0.6504744291305542,0.6566741466522217,0.6589003801345825,0.6342467665672302,0.635628342628479,0.6370845437049866,0.6367549896240234,0.6453834176063538,0.635087788105011,0.6479682326316833,0.6505327820777893,0.6272335052490234,0.6425040364265442,0.6456611156463623,0.6528093218803406,0.6509098410606384,0.6493650078773499,0.6495963931083679
train_mamba3_8,0.6985097177391663,0.6887439454017946,0.6985097177391663,0.852286942076447,1.0285784006118774,1.273298740386963,1.2777113914489746,0.847904622554779,0.8808726668357849,0.5364292860031128,0.49133822321891785,0.6314101815223694,0.633919894695282,0.5284797549247742,0.32830044627189636,0.4559422731399536,0.507655680179596,0.45004066824913025,0.5254790782928467,0.49958786368370056,0.47980812191963196,0.565064549446106,0.3436361253261566,0.6066848635673523,0.448943555355072,0.43980395793914795,0.41296663880348206,0.4153064489364624,0.5425177216529846,0.4466758072376251,0.45286914706230164,0.3591350317001343,0.38837555050849915,0.4027807116508484,0.34296995401382446,0.5133081078529358,0.5503473281860352,0.3983265161514282,0.47559499740600586,0.4567267596721649,0.48787957429885864,0.47449737787246704,0.3518964350223541,0.4822138845920563,0.4970413148403168,0.42312172055244446,0.4454156160354614,0.4103304147720337,0.4550434350967407,0.5749706625938416,0.38450562953948975,0.5483753681182861,0.48651349544525146,0.448199063539505
val_mamba3_8,0.6985097177391663,0.6887439454017946,0.6985097177391663,0.852286942076447,0.9909474849700928,1.5041074752807617,1.0403821468353271,0.7643620371818542,0.6252323985099792,0.6231483221054077,0.6883693933486938,0.7406201362609863,0.6826460957527161,0.6345989108085632,0.6685264110565186,0.7432277202606201,0.7149320244789124,0.6914013624191284,0.6972724199295044,0.7106583118438721,0.6852231621742249,0.6937071084976196,0.6926805377006531,0.6744576096534729,0.6834562420845032,0.6973132491111755,0.6876184940338135,0.6704193949699402,0.6715365648269653,0.6836515069007874,0.6819929480552673,0.6755080223083496,0.684877872467041,0.67817622423172,0.6924181580543518,0.6832301616668701,0.6678935289382935,0.6845596432685852,0.6744632720947266,0.6827658414840698,0.6720111966133118,0.6638789176940918,0.6836867928504944,0.6804559230804443,0.6753284335136414,0.6809400320053101,0.6974906325340271,0.6713215112686157,0.6904193758964539,0.6846940517425537,0.6842896938323975,0.6902743577957153,0.6902933120727539,0.6944822072982788
train_mamba3_32,0.5746858045463911,0.5167149953252527,0.5746858045463911,0.7792164848080597,36069.73828125,1968.621826171875,119.53091430664062,1.3616774082183838,1.2933791875839233,1.3735809326171875,1.0910595655441284,0.7496427297592163,0.8236327767372131,0.9760105013847351,1.0540783405303955,0.9493715167045593,1.1465353965759277,0.8298118114471436,0.9233759641647339,0.8656556010246277,0.7132993936538696,0.8525902628898621,0.6807811260223389,0.8219162225723267,0.7537351250648499,0.7526049017906189,0.6607199311256409,0.8502346277236938,0.7350760102272034,0.7727725505828857,0.5962345004081726,0.6391320824623108,0.8702394366264343,0.7287803888320923,0.8236255645751953,0.6139510869979858,0.7126070857048035,0.8260209560394287,0.7545045018196106,0.7461540699005127,0.7214646935462952,0.711642861366272,0.7856515645980835,0.79514479637146,0.8349334001541138,0.8048484921455383,0.799383819103241,0.6940256953239441,0.8144735097885132,0.8472851514816284,0.7176827192306519,0.7335187196731567,0.6600857377052307,0.7610287070274353
val_mamba3_32,0.5746858045463911,0.5167149953252527,0.5746858045463911,0.7792164848080597,1.9998782873153687,2.5179362297058105,1.7677866220474243,1.375008225440979,0.9688650965690613,0.8044821619987488,0.8767516613006592,1.008475661277771,1.0729104280471802,1.1557295322418213,1.223418951034546,1.1756154298782349,1.185641884803772,1.1540319919586182,1.1447691917419434,1.0909559726715088,1.0463720560073853,1.0205148458480835,1.0190610885620117,1.0241508483886719,1.017412543296814,1.0187095403671265,0.998969554901123,1.001953125,1.0107502937316895,1.0012788772583008,1.004569172859192,0.9868260025978088,0.9938115477561951,1.002030372619629,0.9928261637687683,0.9973000288009644,1.0013444423675537,1.0138654708862305,1.0020097494125366,0.9947340488433838,1.0072611570358276,0.9946801066398621,0.9947633743286133,1.0220502614974976,1.002251386642456,1.0077621936798096,1.0043319463729858,0.9992757439613342,0.9865439534187317,1.001593828201294,1.0101675987243652,1.0185577869415283,1.0080534219741821,1.0143227577209473
train_mamba3_2,0.6691014696823022,0.6698676795313666,0.6691014696823022,0.8608517381058761,1.0528684854507446,0.9848986268043518,0.5831674337387085,0.48457589745521545,0.3943515717983246,0.3013770878314972,0.2437736839056015,0.16034366190433502,0.17831428349018097,0.2139292061328888,0.17871026694774628,0.10653959214687347,0.06829526275396347,0.1368396133184433,0.11785909533500671,0.13492092490196228,0.1302056759595871,0.14917561411857605,0.07353144139051437,0.11050251871347427,0.0817277804017067,0.0752260684967041,0.06270793825387955,0.10982569307088852,0.09922858327627182,0.05228114873170853,0.11756619065999985,0.07074905186891556,0.1413770616054535,0.0798548236489296,0.17695818841457367,0.14493009448051453,0.13105042278766632,0.12022244185209274,0.09403634071350098,0.11380864679813385,0.11744602024555206,0.06204738840460777,0.09872470051050186,0.09666099399328232,0.11259771883487701,0.12081660330295563,0.08912717550992966,0.10651224106550217,0.1311669945716858,0.1325632482767105,0.15929540991783142,0.0984930545091629,0.10534421354532242,0.2086455225944519
val_mamba3_2,0.6691014696823022,0.6698676795313666,0.6691014696823022,0.8608517381058761,0.9098122119903564,0.8329110145568848,0.8532939553260803,0.6672804951667786,0.5741627216339111,0.5513785481452942,0.5591884255409241,0.5674102902412415,0.600372850894928,0.6282957196235657,0.6931665539741516,0.7882765531539917,0.7610330581665039,0.7533504366874695,0.7836339473724365,0.7624127268791199,0.7545115947723389,0.7304505109786987,0.7451596856117249,0.7702500224113464,0.7594869136810303,0.7455577254295349,0.7288398146629333,0.743384838104248,0.7428109645843506,0.7394313812255859,0.7318035364151001,0.7168727517127991,0.7493614554405212,0.7538018822669983,0.7259035110473633,0.76202791929245,0.7616419792175293,0.7522789835929871,0.7403746247291565,0.7690284252166748,0.7501124143600464,0.7388242483139038,0.7610608339309692,0.7910356521606445,0.7434738874435425,0.7347913980484009,0.7374584674835205,0.7648587226867676,0.7551956176757812,0.7476376295089722,0.7539437413215637,0.7617827653884888,0.74323570728302,0.7486662864685059
train_mamba3_8,0.676703503198962,0.6835678395074072,0.676703503198962,0.8246773001590392,1.214029312133789,1.167063593864441,0.953784167766571,0.7199558019638062,0.4113258421421051,0.47473278641700745,0.37784940004348755,0.2946411669254303,0.3580177128314972,0.23272506892681122,0.270158976316452,0.18579469621181488,0.23649941384792328,0.16547474265098572,0.19040146470069885,0.17528004944324493,0.18218471109867096,0.12040697783231735,0.1478356271982193,0.1272982656955719,0.19593337178230286,0.13555684685707092,0.08390944451093674,0.07429662346839905,0.11188740283250809,0.1460264027118683,0.13769391179084778,0.12681090831756592,0.12574006617069244,0.14586134254932404,0.0970315933227539,0.13086646795272827,0.1521865427494049,0.17060403525829315,0.0958978459239006,0.11710052937269211,0.16254253685474396,0.12402971088886261,0.14550898969173431,0.07966271787881851,0.11526037752628326,0.1079496294260025,0.08372005820274353,0.13254477083683014,0.1147262305021286,0.11010172963142395,0.16398803889751434,0.05372988060116768,0.09828957170248032,0.128935769200325
val_mamba3_8,0.676703503198962,0.6835678395074072,0.676703503198962,0.8246773001590392,1.19568932056427,1.2003836631774902,0.9369108080863953,0.6492828130722046,0.8305798172950745,0.8618363738059998,0.6847257018089294,0.6360161304473877,0.6787427663803101,0.6907534003257751,0.698836088180542,0.6469745635986328,0.5987347364425659,0.5921807885169983,0.5851132869720459,0.6382800340652466,0.6777291297912598,0.7071414589881897,0.7423489093780518,0.7803951501846313,0.7795438766479492,0.7913492321968079,0.7993615865707397,0.7886462807655334,0.7735166549682617,0.7881265878677368,0.7757973670959473,0.7708598971366882,0.7674224376678467,0.7787788510322571,0.7992985844612122,0.7871937155723572,0.7747193574905396,0.792391836643219,0.8025571703910828,0.7824544310569763,0.8008831739425659,0.789307177066803,0.7898676991462708,0.7895177602767944,0.7854540348052979,0.7933088541030884,0.772516667842865,0.7866461277008057,0.7709832787513733,0.7775394916534424,0.7780766487121582,0.8019871711730957,0.778784990310669,0.7928136587142944
train_mamba3_32,0.6627140392018053,0.6726123423776768,0.6627140392018053,0.8464436652153654,45037.5625,2.2495384216308594,1.2182235717773438,1.197887897491455,1.0014654397964478,0.7003080248832703,0.6601725220680237,0.6978068947792053,0.6639682650566101,0.5631111860275269,0.4696246087551117,0.4200741648674011,0.34990015625953674,0.2823326289653778,0.2722126543521881,0.2764882743358612,0.22700229287147522,0.21844382584095,0.15278740227222443,0.17853504419326782,0.16381503641605377,0.21873530745506287,0.1922624111175537,0.2447606772184372,0.15491150319576263,0.1906938999891281,0.18255503475666046,0.10842999070882797,0.18994450569152832,0.11519157141447067,0.20475225150585175,0.13193148374557495,0.1988019049167633,0.10339556634426117,0.17511120438575745,0.14581885933876038,0.18561506271362305,0.19219538569450378,0.14686110615730286,0.17405818402767181,0.19713306427001953,0.16893991827964783,0.126233771443367,0.1317901760339737,0.10025262832641602,0.15528064966201782,0.15562531352043152,0.12238996475934982,0.14033585786819458,0.1579083502292633
val_mamba3_32,0.6627140392018053,0.6726123423776768,0.6627140392018053,0.8464436652153654,2.5042848587036133,1.4515026807785034,1.2049411535263062,1.079712986946106,0.8480648398399353,0.9257758259773254,0.9915299415588379,0.9719127416610718,0.8650341033935547,0.7512261867523193,0.653799831867218,0.6081533432006836,0.6086398959159851,0.6359950304031372,0.6608894467353821,0.6762666702270508,0.6451436281204224,0.631909191608429,0.644273042678833,0.6242010593414307,0.6266419887542725,0.6242260932922363,0.6250952482223511,0.6186940670013428,0.6254366040229797,0.6257399916648865,0.6190170645713806,0.6310338973999023,0.6181334853172302,0.6289747953414917,0.6221405267715454,0.6301000118255615,0.6262905597686768,0.6234058737754822,0.6223867535591125,0.6296471357345581,0.62639319896698,0.6213158965110779,0.6321541666984558,0.623133659362793,0.6263672709465027,0.6188822388648987,0.6347314715385437,0.6188734173774719,0.6264398097991943,0.6273940205574036,0.6187261343002319,0.6257374286651611,0.6228349804878235,0.6235837340354919
train_mamba3_2,0.773,0.7621027894839602,0.773,0.9395488036633682,2.0576016902923584,1.4918644428253174,1.121660828590393,0.9059876203536987,0.8359174728393555,0.6704531311988831,0.5803343057632446,0.5794979929924011,0.4166545569896698,0.3894135057926178,0.4344949722290039,0.3430159091949463,0.3602302074432373,0.2819908857345581,0.2867908179759979,0.2482554316520691,0.30403006076812744,0.2973265051841736,0.30938854813575745,0.28954005241394043,0.23685863614082336,0.2365788370370865,0.26044371724128723,0.2951093316078186,0.2990070879459381,0.20321188867092133,0.2735116183757782,0.2869693338871002,0.2766629159450531,0.2959589958190918,0.2710252106189728,0.2672904133796692,0.25918513536453247,0.2787850797176361,0.2511449158191681,0.24493536353111267,0.21883852779865265,0.25542834401130676,0.29688385128974915,0.2761994004249573,0.26647254824638367,0.26610463857650757,0.2323319911956787,0.1731707751750946,0.2584536671638489,0.250775545835495,0.3048040270805359,0.23781506717205048,0.21220380067825317,0.29109176993370056
val_mamba3_2,0.773,0.7621027894839602,0.773,0.9395488036633682,1.8158878087997437,1.288121223449707,1.1200462579727173,1.1166421175003052,1.0959479808807373,1.0145083665847778,0.9448960423469543,0.909188449382782,0.9029744863510132,0.9132073521614075,0.9332340359687805,0.976615309715271,1.027074933052063,1.0652819871902466,1.1077642440795898,1.1098599433898926,1.111657977104187,1.1119136810302734,1.1102114915847778,1.1078555583953857,1.1053893566131592,1.1051136255264282,1.1047354936599731,1.1042898893356323,1.1038569211959839,1.103408694267273,1.1030148267745972,1.102974772453308,1.1029393672943115,1.10289466381073,1.1028509140014648,1.1028265953063965,1.10280179977417,1.1027989387512207,1.1027963161468506,1.1027917861938477,1.1027874946594238,1.1027827262878418,1.1027768850326538,1.1027761697769165,1.1027753353118896,1.1027746200561523,1.1027740240097046,1.1027733087539673,1.10277259349823,1.10277259349823,1.1027724742889404,1.1027724742889404,1.1027724742889404,1.1027723550796509
train_mamba3_8,0.78,0.7715000932914017,0.78,0.9495288566698802,2.0298078060150146,1.6823160648345947,1.2592853307724,1.0016413927078247,0.9308291673660278,0.7877249121665955,0.6664125919342041,0.6726037859916687,0.6518993377685547,0.6322815418243408,0.49485790729522705,0.4859732985496521,0.46134835481643677,0.4124702215194702,0.40732693672180176,0.4193633496761322,0.3881414532661438,0.39630934596061707,0.32526659965515137,0.3509237468242645,0.2678689956665039,0.20868182182312012,0.2613859176635742,0.16371144354343414,0.14537666738033295,0.17932003736495972,0.22623655200004578,0.189365953207016,0.20659080147743225,0.1820063292980194,0.1851850003004074,0.20224793255329132,0.23202386498451233,0.21217355132102966,0.23642128705978394,0.2622705101966858,0.21134836971759796,0.20300549268722534,0.19279420375823975,0.228970468044281,0.1711503267288208,0.22668340802192688,0.15705081820487976,0.17499463260173798,0.2046082466840744,0.19788110256195068,0.20873257517814636,0.20217332243919373,0.21485456824302673,0.2296893298625946
val_mamba3_8,0.78,0.7715000932914017,0.78,0.9495288566698802,1.894863486289978,1.4881536960601807,1.1703758239746094,1.1171071529388428,1.120319128036499,1.0422073602676392,0.9931517839431763,0.9599286317825317,0.9210848808288574,0.8922696113586426,0.8950327038764954,0.9310174584388733,0.9469786286354065,0.9362568259239197,0.9025044441223145,0.8555988669395447,0.8237300515174866,0.8614653944969177,0.9478892683982849,0.9905797243118286,1.0016688108444214,1.0198557376861572,1.0200713872909546,1.021103024482727,1.0183320045471191,1.0149799585342407,1.0100082159042358,1.0004242658615112,0.989655613899231,0.9886861443519592,0.9877284169197083,0.9869245290756226,0.9858853220939636,0.9847674369812012,0.9839960932731628,0.9838834404945374,0.9838048815727234,0.9837382435798645,0.9836528897285461,0.9835811853408813,0.9834944009780884,0.9834908843040466,0.9834877252578735,0.9834862351417542,0.9834826588630676,0.9834775328636169,0.9834721088409424,0.9834714531898499,0.9834709763526917,0.9834697246551514
train_mamba3_32,0.755,0.7462582264494053,0.755,0.9400077852905877,9435.8466796875,308.2953796386719,34.4422721862793,69.32405090332031,1.9725323915481567,1.9856904745101929,1.0171029567718506,0.9457235336303711,0.8795920610427856,1.0795164108276367,0.7088053226470947,0.6970537304878235,0.6752095222473145,0.6326786279678345,0.5724069476127625,0.5731704235076904,0.5194976925849915,0.5258054733276367,0.6075499653816223,0.45865124464035034,0.4899108409881592,0.48711368441581726,0.46185651421546936,0.4142007529735565,0.49224933981895447,0.5050020217895508,0.5837157368659973,0.5186321139335632,0.5359350442886353,0.47687801718711853,0.48932063579559326,0.3806092143058777,0.4286305010318756,0.35236644744873047,0.47966983914375305,0.5510528087615967,1.3875250816345215,0.4935641586780548,0.5409308671951294,0.48758742213249207,0.5096341371536255,0.44798460602760315,0.5399066805839539,0.5245223641395569,0.5106172561645508,0.40135741233825684,0.39875540137290955,0.4948101043701172,0.45190441608428955,0.5102696418762207
val_mamba3_32,0.755,0.7462582264494053,0.755,0.9400077852905877,1.9833515882492065,2.3258023262023926,1.8967700004577637,1.5085660219192505,1.6194063425064087,1.4278230667114258,1.3074657917022705,1.2542592287063599,1.1783099174499512,1.0716787576675415,0.9783919453620911,0.9130465984344482,0.8875457644462585,0.893781840801239,0.9297202229499817,0.9520732164382935,0.9619278907775879,0.9357736110687256,0.8971409201622009,0.8944046497344971,0.892153263092041,0.8903968334197998,0.8893702626228333,0.8887863159179688,0.8876833319664001,0.8875932097434998,0.887548565864563,0.887507438659668,0.8875400424003601,0.8875360488891602,0.8875210285186768,0.8875223994255066,0.8875309824943542,0.8875432014465332,0.887554407119751,0.8875687718391418,0.8875877857208252,0.8875894546508789,0.8875903487205505,0.8875917792320251,0.8875932097434998,0.8875933885574341,0.8875939249992371,0.8875938057899475,0.8875939249992371,0.8875937461853027,0.8875937461853027,0.8875937461853027,0.8875935673713684,0.8875935077667236
train_mamba3_2,0.578,0.5143581661376891,0.578,0.8417943260528155,1.8813797235488892,1.2320005893707275,1.0739502906799316,0.9028350114822388,0.8429710865020752,0.6690162420272827,0.5761957168579102,0.497667521238327,0.4574747383594513,0.41373077034950256,0.4524894654750824,0.40202170610427856,0.4424305558204651,0.45584383606910706,0.3809957802295685,0.41986337304115295,0.4104369282722473,0.4309569001197815,0.39505335688591003,0.3545185327529907,0.43530818819999695,0.3666113615036011,0.3437800705432892,0.38780564069747925,0.3708621561527252,0.4195995032787323,0.36681604385375977,0.4661690890789032,0.3125300407409668,0.4510799050331116,0.4738471210002899,0.42214012145996094,0.4061994254589081,0.41655591130256653,0.39231938123703003,0.44431084394454956,0.4001656174659729,0.5133006572723389,0.37926897406578064,0.4131035804748535,0.3819684684276581,0.48927292227745056,0.3940322995185852,0.3268336355686188,0.3671218156814575,0.36856991052627563,0.37169307470321655,0.4391759932041168,0.44563522934913635,0.39682576060295105
val_mamba3_2,0.578,0.5143581661376891,0.578,0.8417943260528155,1.6063807010650635,1.2314062118530273,1.211742639541626,1.254173755645752,1.2691876888275146,1.242714524269104,1.218654990196228,1.2165870666503906,1.2430311441421509,1.2460163831710815,1.250030517578125,1.2533550262451172,1.2551937103271484,1.2582237720489502,1.2609623670578003,1.2612766027450562,1.2614423036575317,1.2615766525268555,1.261518955230713,1.2613102197647095,1.261040210723877,1.2609937191009521,1.2609442472457886,1.2608985900878906,1.260854721069336,1.2608075141906738,1.26075279712677,1.2607470750808716,1.260741114616394,1.2607343196868896,1.260730504989624,1.2607253789901733,1.2607214450836182,1.2607210874557495,1.2607207298278809,1.2607206106185913,1.2607203722000122,1.2607200145721436,1.2607190608978271,1.2607190608978271,1.2607190608978271,1.260718822479248,1.2607189416885376,1.260718822479248,1.2607187032699585,1.260718584060669,1.2607187032699585,1.2607184648513794,1.2607184648513794,1.2607184648513794
train_mamba3_8,0.629,0.5876232581739856,0.629,0.8567866040273482,1.9192007780075073,1.1097018718719482,0.9150496125221252,0.8057606816291809,0.7510010004043579,0.733780026435852,0.5816119909286499,0.5195606350898743,0.5991871953010559,0.427399605512619,0.4504006505012512,0.5723134279251099,0.3660925030708313,0.4632805585861206,0.4020698368549347,0.39591294527053833,0.46111059188842773,0.4390224516391754,0.4663444757461548,0.4388998746871948,0.4280635118484497,0.3851484954357147,0.4063473343849182,0.3177368938922882,0.3265327513217926,0.42131340503692627,0.38052234053611755,0.27445194125175476,0.4735580384731293,0.5000157952308655,0.41124552488327026,0.30141404271125793,0.4218767285346985,0.44501370191574097,0.38592517375946045,0.26617321372032166,0.42270901799201965,0.34072625637054443,0.3527017831802368,0.4050145447254181,0.34793323278427124,0.40758463740348816,0.34382474422454834,0.48457416892051697,0.348286896944046,0.44996440410614014,0.3481406271457672,0.38684186339378357,0.3648122251033783,0.4515673518180847
val_mamba3_8,0.629,0.5876232581739856,0.629,0.8567866040273482,1.3966245651245117,1.2520874738693237,1.1779425144195557,1.1701409816741943,1.2183995246887207,1.2578403949737549,1.203963041305542,1.2225399017333984,1.2551329135894775,1.293917179107666,1.295741319656372,1.2943391799926758,1.2923920154571533,1.2903119325637817,1.2893134355545044,1.2884711027145386,1.2884091138839722,1.288311243057251,1.2883323431015015,1.2884246110916138,1.2884488105773926,1.28842031955719,1.2884176969528198,1.2884137630462646,1.288417935371399,1.2884211540222168,1.2884268760681152,1.288427472114563,1.2884281873703003,1.2884284257888794,1.2884284257888794,1.2884280681610107,1.2884278297424316,1.2884267568588257,1.2884266376495361,1.2884266376495361,1.2884267568588257,1.2884271144866943,1.2884269952774048,1.2884271144866943,1.2884271144866943,1.2884272336959839,1.2884271144866943,1.2884272336959839,1.2884272336959839,1.2884272336959839,1.2884272336959839,1.2884271144866943,1.2884271144866943,1.2884272336959839
train_mamba3_32,0.621,0.5988811425368376,0.621,0.850510589630789,22293.85546875,989.0787353515625,531.4352416992188,600.8057861328125,89.58623504638672,48.13484191894531,13.07065200805664,75.31694793701172,2.8115506172180176,0.9551734328269958,0.789423942565918,0.8032524585723877,0.7122646570205688,0.5474141240119934,0.6029993891716003,0.6758594512939453,0.6471226215362549,0.5665560364723206,0.45345479249954224,0.6275063753128052,0.5527868270874023,0.6023092865943909,0.49122682213783264,0.48580387234687805,0.5346720814704895,0.49438610672950745,0.5514933466911316,0.4794163107872009,0.503104567527771,0.594579815864563,0.5369948148727417,0.5166541934013367,0.6361536383628845,0.4984758794307709,0.42388448119163513,0.6685773134231567,0.47441360354423523,0.4854811131954193,0.5911790728569031,0.5103791952133179,0.6297988891601562,0.447598397731781,0.5459377765655518,0.5329793691635132,0.4649132490158081,0.5409013628959656,0.47740620374679565,0.5855482816696167,0.5824293494224548,0.5451891422271729
val_mamba3_32,0.621,0.5988811425368376,0.621,0.850510589630789,1.8297090530395508,1.7307512760162354,2.023348093032837,2.1368651390075684,1.8351116180419922,1.439699411392212,1.384914755821228,1.4591072797775269,1.4467467069625854,1.3275882005691528,1.2681070566177368,1.2552502155303955,1.3002862930297852,1.4019804000854492,1.493513822555542,1.5259654521942139,1.4938112497329712,1.4471819400787354,1.4414807558059692,1.4362248182296753,1.430177092552185,1.4249076843261719,1.419289231300354,1.4125221967697144,1.4119441509246826,1.411433219909668,1.4109275341033936,1.4104937314987183,1.41014564037323,1.40999436378479,1.4099609851837158,1.4099318981170654,1.4099023342132568,1.40986967086792,1.4098340272903442,1.4098092317581177,1.409806728363037,1.4098039865493774,1.4098014831542969,1.4097983837127686,1.4097942113876343,1.4097905158996582,1.409790277481079,1.4097900390625,1.4097895622253418,1.4097894430160522,1.4097893238067627,1.409788727760315,1.4097884893417358,1.409788727760315
train_mamba3_2,0.593,0.5593193006362088,0.593,0.8491968437342802,1.8838831186294556,1.5375155210494995,1.541263461112976,1.3590351343154907,1.1666243076324463,0.8943765759468079,0.7864429354667664,0.7549104690551758,0.7355097532272339,0.6591445207595825,0.616180956363678,0.5095998048782349,0.39850476384162903,0.5171101093292236,0.4084419906139374,0.4494381546974182,0.4056362509727478,0.4110381305217743,0.42966654896736145,0.36098819971084595,0.33992016315460205,0.42781007289886475,0.3439151644706726,0.4214184582233429,0.4293161630630493,0.3943732976913452,0.4142777621746063,0.4422592222690582,0.394624799489975,0.4247015118598938,0.43206915259361267,0.4199560880661011,0.5403785705566406,0.4696613550186157,0.39870795607566833,0.4094822108745575,0.519116222858429,0.42661917209625244,0.4066290855407715,0.368600070476532,0.33899009227752686,0.42295122146606445,0.41639652848243713,0.4467385709285736,0.39206376671791077,0.3973304331302643,0.39564627408981323,0.3972591161727905,0.44616514444351196,0.43071720004081726
val_mamba3_2,0.593,0.5593193006362088,0.593,0.8491968437342802,1.6794778108596802,1.645207166671753,1.8202403783798218,1.510858416557312,1.2728993892669678,1.2520276308059692,1.2168346643447876,1.241349697113037,1.2783864736557007,1.2841644287109375,1.2659590244293213,1.2369829416275024,1.2289698123931885,1.2299315929412842,1.2304027080535889,1.230305790901184,1.2303290367126465,1.2302063703536987,1.2298259735107422,1.2297500371932983,1.2296485900878906,1.229491949081421,1.2293645143508911,1.2291892766952515,1.228990912437439,1.2289782762527466,1.228968620300293,1.2289594411849976,1.2289495468139648,1.228935956954956,1.2289190292358398,1.2289172410964966,1.228914737701416,1.2289109230041504,1.2289069890975952,1.2289025783538818,1.2288986444473267,1.228898286819458,1.228898286819458,1.2288975715637207,1.2288975715637207,1.228897213935852,1.228897213935852,1.228897213935852,1.228897213935852,1.228897213935852,1.2288970947265625,1.228897213935852,1.228897213935852,1.2288970947265625
train_mamba3_8,0.664,0.6186166621471735,0.664,0.846688371909666,2.0150177478790283,1.3554424047470093,1.116331696510315,0.9838196039199829,0.7611513137817383,0.6374770998954773,0.6323519945144653,0.5703189373016357,0.5573443174362183,0.5493118166923523,0.6758052110671997,0.6928735375404358,0.4449049234390259,0.46463215351104736,0.5126794576644897,0.44544437527656555,0.47231918573379517,0.534238874912262,0.6137494444847107,0.534839928150177,0.4986657500267029,0.43409982323646545,0.4925939440727234,0.4216451644897461,0.41462332010269165,0.5538660287857056,0.4827861785888672,0.4331783652305603,0.39531421661376953,0.4599496126174927,0.39397746324539185,0.41603633761405945,0.38877126574516296,0.3657033145427704,0.3708687722682953,0.4498301148414612,0.4177002012729645,0.45373547077178955,0.45974451303482056,0.4085717797279358,0.42212584614753723,0.42585551738739014,0.4196685552597046,0.445756733417511,0.439598947763443,0.46010908484458923,0.45227569341659546,0.45614516735076904,0.3834843933582306,0.4314802885055542
val_mamba3_8,0.664,0.6186166621471735,0.664,0.846688371909666,1.548879861831665,1.530070424079895,1.3327561616897583,1.281020164489746,1.155318260192871,1.1279022693634033,1.1800293922424316,1.2364732027053833,1.1915102005004883,1.2023409605026245,1.2260042428970337,1.2358922958374023,1.2382925748825073,1.239219307899475,1.240078091621399,1.2406917810440063,1.2419681549072266,1.246371865272522,1.2469464540481567,1.2473187446594238,1.2475337982177734,1.2476189136505127,1.2476943731307983,1.2476075887680054,1.2476083040237427,1.2476005554199219,1.2475793361663818,1.2475543022155762,1.2475169897079468,1.247478723526001,1.247475504875183,1.2474719285964966,1.2474676370620728,1.247462272644043,1.2474563121795654,1.247449517250061,1.2474491596221924,1.2474485635757446,1.2474476099014282,1.24744713306427,1.2474461793899536,1.2474455833435059,1.2474454641342163,1.2474453449249268,1.2474452257156372,1.2474452257156372,1.2474452257156372,1.247444987297058,1.2474448680877686,1.2474448680877686
train_mamba3_32,0.635,0.6110563234086475,0.635,0.8464524709330052,16100.791015625,1875.668701171875,278.9840393066406,16.69790267944336,3.4675405025482178,18.65011215209961,3.3117189407348633,2.1451051235198975,1.5026761293411255,1.1825428009033203,0.9416933059692383,0.9971919655799866,0.9634551405906677,0.9072993993759155,0.8545156121253967,0.7739420533180237,0.7603147625923157,0.6830346584320068,0.6719129681587219,0.7752446532249451,0.8094143271446228,6.4308552742004395,0.7720075249671936,0.6759310364723206,0.7097070813179016,0.8172905445098877,0.6344575881958008,0.6451292037963867,0.6760092377662659,0.7236231565475464,0.7818116545677185,0.6421965956687927,0.6234462261199951,0.6012238264083862,0.5980502367019653,0.6593965888023376,0.6184574365615845,0.5749245285987854,0.6550956964492798,0.6442043781280518,0.5751283764839172,0.5916432738304138,1.0507410764694214,0.5161570906639099,0.5431973934173584,0.5959600806236267,0.5423605442047119,0.6279884576797485,0.6709242463111877,9.041823387145996
val_mamba3_32,0.635,0.6110563234086475,0.635,0.8464524709330052,2.4973607063293457,2.5310099124908447,2.2894885540008545,1.8104760646820068,1.848768711090088,1.9955875873565674,2.0292441844940186,1.7652231454849243,1.4951905012130737,1.3220763206481934,1.285776138305664,1.2986030578613281,1.300714373588562,1.2946429252624512,1.295501708984375,1.3043556213378906,1.3234742879867554,1.3234461545944214,1.3198589086532593,1.3121988773345947,1.3028136491775513,1.2940680980682373,1.2848591804504395,1.2755461931228638,1.2656809091567993,1.2553918361663818,1.2444932460784912,1.2331550121307373,1.222912073135376,1.2129075527191162,1.2034244537353516,1.1949464082717896,1.1871479749679565,1.1800304651260376,1.1744651794433594,1.1699022054672241,1.166609764099121,1.163988471031189,1.1628093719482422,1.162938117980957,1.1637040376663208,1.1646180152893066,1.1667835712432861,1.1691921949386597,1.171355128288269,1.171639323234558,1.171854019165039,1.1721080541610718,1.1723881959915161,1.172696590423584
